dataset,path,identity,action,conf,area_fraction,x1,y1,x2,y2,overlay
Zakynthos,images/leftIMG_0958.JPG,G16-25,skipped_small,0.9093243479728699,0.015958232782866063,1125.7734375,964.73046875,1745.4842529296875,1478.7701416015625,Zakynthos/overlay/0000_leftIMG_0958.jpg
Zakynthos,images/rightIMG_0961.JPG,G16-25,skipped_small,0.8458288311958313,0.028971967266903542,2776.59619140625,1214.9677734375,3606.365966796875,1911.9493408203125,Zakynthos/overlay/0001_rightIMG_0961.jpg
Zakynthos,images/leftIMG_1300.JPG,G16-25,skipped_small,0.9110324382781982,0.048659461309119564,1341.1959228515625,1204.3458251953125,2424.47216796875,2101.00830078125,Zakynthos/overlay/0002_leftIMG_1300.jpg
Zakynthos,images/rightIMG_1280.JPG,G16-25,skipped_small,0.9279903769493103,0.0791814644955104,2697.5537109375,1339.4495849609375,4192.181640625,2396.976318359375,Zakynthos/overlay/0003_rightIMG_1280.jpg
Zakynthos,images/leftIMG_1084.JPG,t551,no_detection,,,,,,,Zakynthos/overlay/0004_leftIMG_1084.jpg
Zakynthos,images/rightIMG_1083.JPG,t551,skipped_small,0.7803878784179688,0.01634430856780087,3179.886474609375,1423.83349609375,3841.3115234375,2016.8914794921875,Zakynthos/overlay/0005_rightIMG_1083.jpg
Zakynthos,images/rightIMG_9374.jpeg,t551,skipped_small,0.824339747428894,0.0077400165643786226,2477.478759765625,1244.8856201171875,2947.203857421875,1573.812255859375,Zakynthos/overlay/0006_rightIMG_9374.jpg
Zakynthos,images/leftIMG_9370.jpeg,t551,skipped_small,0.4952400028705597,0.007727511563974807,1990.7950439453125,934.002685546875,2433.07275390625,1282.77783203125,Zakynthos/overlay/0007_leftIMG_9370.jpg
Zakynthos,images/rightIMG_3731.JPG,G15-03,cropped,0.9469221234321594,0.1219489923826545,2336.718994140625,330.8836669921875,4235.69482421875,1612.800048828125,Zakynthos/overlay/0008_rightIMG_3731.jpg
Zakynthos,images/leftIMG_3727.JPG,G15-03,skipped_small,0.868389904499054,0.024311095118537233,1566.7071533203125,1357.072998046875,2351.951904296875,1975.0899658203125,Zakynthos/overlay/0009_leftIMG_3727.jpg
Zakynthos,images/rightIMG_2835.JPG,G15-03,skipped_small,0.8824766874313354,0.022824583519152335,2189.93603515625,1742.2469482421875,2885.359375,2397.417724609375,Zakynthos/overlay/0010_rightIMG_2835.jpg
Zakynthos,images/leftIMG_2832.JPG,G15-03,skipped_small,0.9576529860496521,0.06320603524456546,1149.730224609375,831.6074829101562,2500.5830078125,1765.6173095703125,Zakynthos/overlay/0011_leftIMG_2832.jpg
Zakynthos,images/leftIMG_9503.JPG,beach031,skipped_small,0.38693633675575256,0.011102162969426553,1535.7720947265625,845.919921875,2009.9019775390625,1313.3441162109375,Zakynthos/overlay/0012_leftIMG_9503.jpg
Zakynthos,images/rightIMG_9509.JPG,beach031,skipped_small,0.8893190026283264,0.013107958903374638,3159.6806640625,1048.7655029296875,3673.992431640625,1557.521484375,Zakynthos/overlay/0013_rightIMG_9509.jpg
Zakynthos,images/leftIMG_2623.JPG,beach031,no_detection,,,,,,,Zakynthos/overlay/0014_leftIMG_2623.jpg
Zakynthos,images/rightIMG_2620.JPG,beach031,no_detection,,,,,,,Zakynthos/overlay/0015_rightIMG_2620.jpg
Zakynthos,images/rightIMG_5626.JPG,t499,skipped_small,0.8832569122314453,0.030577753307171104,3496.44482421875,1219.6131591796875,4410.580078125,1887.335693359375,Zakynthos/overlay/0016_rightIMG_5626.jpg
Zakynthos,images/leftIMG_5632.JPG,t499,skipped_small,0.8766631484031677,0.039160789845809174,1210.0238037109375,884.5509643554688,2247.87109375,1637.765869140625,Zakynthos/overlay/0017_leftIMG_5632.jpg
Zakynthos,images/rightIMG_1446.JPG,t499,skipped_small,0.8036417365074158,0.007658732892444657,2532.305419921875,1122.9097900390625,2956.759033203125,1483.096435546875,Zakynthos/overlay/0018_rightIMG_1446.jpg
Zakynthos,images/leftIMG_1457.JPG,t499,skipped_small,0.6096741557121277,0.030000737195397642,1662.2177734375,1236.8446044921875,2524.05029296875,1931.724853515625,Zakynthos/overlay/0019_leftIMG_1457.jpg
Zakynthos,images/rightIMG_2263.JPG,t459,skipped_small,0.7416759133338928,0.039272415637358456,2582.947998046875,1281.65771484375,3550.4892578125,2091.90771484375,Zakynthos/overlay/0020_rightIMG_2263.jpg
Zakynthos,images/leftIMG_2259.JPG,t459,skipped_small,0.7708893418312073,0.01968073279791855,1633.2430419921875,1919.3160400390625,2348.667724609375,2468.449951171875,Zakynthos/overlay/0021_leftIMG_2259.jpg
Zakynthos,images/rightIMG_1206.JPG,t459,no_detection,,,,,,,Zakynthos/overlay/0022_rightIMG_1206.jpg
Zakynthos,images/leftIMG_1205.JPG,t459,skipped_small,0.8274379968643188,0.02490827507868404,982.8850708007812,633.9641723632812,1799.80517578125,1242.6104736328125,Zakynthos/overlay/0023_leftIMG_1205.jpg
Zakynthos,images/rightIMG_2776.JPG,G17-02,skipped_small,0.8647897243499756,0.07138710663154854,2794.7119140625,1155.947265625,4159.685546875,2199.9375,Zakynthos/overlay/0024_rightIMG_2776.jpg
Zakynthos,images/leftIMG_2799.JPG,G17-02,skipped_small,0.8773112297058105,0.055288720485053816,1113.8775634765625,523.1818237304688,2411.99853515625,1373.3841552734375,Zakynthos/overlay/0025_leftIMG_2799.jpg
Zakynthos,images/rightIMG_7378.JPG,G17-02,skipped_small,0.7060851454734802,0.05506925867393287,2771.125244140625,688.5496215820312,4041.663330078125,1553.761474609375,Zakynthos/overlay/0026_rightIMG_7378.jpg
Zakynthos,images/leftIMG_7373.JPG,G17-02,skipped_small,0.8042894005775452,0.021829316795588822,2192.8037109375,1798.8760986328125,2966.423095703125,2362.142333984375,Zakynthos/overlay/0027_leftIMG_7373.jpg
Zakynthos,images/rightIMG_0865.jpeg,t575,cropped,0.9394604563713074,0.12511948908724357,2487.576171875,705.2225341796875,4240.5361328125,2130.0224609375,Zakynthos/overlay/0028_rightIMG_0865.jpg
Zakynthos,images/leftIMG_0860.jpeg,t575,skipped_small,0.9414181113243103,0.04330424959921064,1443.2921142578125,1097.4820556640625,2471.705078125,1938.03271484375,Zakynthos/overlay/0029_leftIMG_0860.jpg
Zakynthos,images/leftIMG_1566.JPG,t575,no_detection,,,,,,,Zakynthos/overlay/0030_leftIMG_1566.jpg
Zakynthos,images/rightIMG_1563.JPG,t575,skipped_small,0.5719743371009827,0.010920863881010526,2409.31689453125,1303.629150390625,2936.378662109375,1717.2442626953125,Zakynthos/overlay/0031_rightIMG_1563.jpg
Zakynthos,images/leftIMG_1158.JPG,t524,skipped_small,0.5865156054496765,0.05649015206279314,638.1181030273438,912.0921020507812,1909.6336669921875,1798.94580078125,Zakynthos/overlay/0032_leftIMG_1158.jpg
Zakynthos,images/rightIMG_1136.JPG,t524,skipped_small,0.9140375256538391,0.03901782671770249,2814.849609375,1294.288330078125,3806.454345703125,2079.750732421875,Zakynthos/overlay/0033_rightIMG_1136.jpg
Zakynthos,images/leftIMG_9231.jpeg,t524,skipped_small,0.8223719000816345,0.009208337376644761,1387.948486328125,1136.8504638671875,1809.5074462890625,1572.887939453125,Zakynthos/overlay/0034_leftIMG_9231.jpg
Zakynthos,images/rightIMG_9234.jpeg,t524,no_detection,,,,,,,Zakynthos/overlay/0035_rightIMG_9234.jpg
Zakynthos,images/leftIMG_7201.JPG,t584,skipped_small,0.7726277709007263,0.04073965394031115,1512.6168212890625,1057.6961669921875,2575.3466796875,1822.93212890625,Zakynthos/overlay/0036_leftIMG_7201.jpg
Zakynthos,images/rightIMG_7191.JPG,t584,skipped_small,0.27068352699279785,0.018150360195855558,0.4112182557582855,0.0,741.07421875,489.1764221191406,Zakynthos/overlay/0037_rightIMG_7191.jpg
Zakynthos,images/rightIMG_7873.JPG,t584,skipped_small,0.9182341694831848,0.017358002226003415,3517.104248046875,1715.787841796875,4105.22021484375,2304.953857421875,Zakynthos/overlay/0038_rightIMG_7873.jpg
Zakynthos,images/leftIMG_7875.JPG,t584,no_detection,,,,,,,Zakynthos/overlay/0039_leftIMG_7875.jpg
Zakynthos,images/leftIMG_3353.JPG,G18-04,skipped_small,0.7311827540397644,0.056863511710005504,1710.8494873046875,1272.88134765625,3102.437255859375,2253.5771484375,Zakynthos/overlay/0040_leftIMG_3353.jpg
Zakynthos,images/rightIMG_3376.JPG,G18-04,no_detection,,,,,,,Zakynthos/overlay/0041_rightIMG_3376.jpg
Zakynthos,images/rightIMG_0653.jpg,G18-04,skipped_small,0.8317842483520508,0.012441937174678909,2511.680419921875,1216.3843994140625,3076.61962890625,1656.0142822265625,Zakynthos/overlay/0042_rightIMG_0653.jpg
Zakynthos,images/leftIMG_0715.jpg,G18-04,skipped_small,0.9092263579368591,0.05927643038701846,1683.61962890625,849.3624267578125,2808.673095703125,1901.1058349609375,Zakynthos/overlay/0043_leftIMG_0715.jpg
Zakynthos,images/rightIMG_2355.JPG,t594,skipped_small,0.9623810648918152,0.09147030063420265,2650.2958984375,1096.873046875,4212.06005859375,2266.010498046875,Zakynthos/overlay/0044_rightIMG_2355.jpg
Zakynthos,images/leftIMG_2351.JPG,t594,skipped_small,0.8861064910888672,0.04242787817118735,1650.821044921875,1386.5792236328125,2638.2158203125,2244.33056640625,Zakynthos/overlay/0045_leftIMG_2351.jpg
Zakynthos,images/leftIMG_7600.JPG,t594,skipped_small,0.7652468681335449,0.015788120578272787,1781.036865234375,1022.2402954101562,2417.712890625,1517.2490234375,Zakynthos/overlay/0046_leftIMG_7600.jpg
Zakynthos,images/rightIMG_7603.JPG,t594,skipped_small,0.8280397057533264,0.01172272725986826,3152.25048828125,828.5652465820312,3700.96337890625,1255.03125,Zakynthos/overlay/0047_rightIMG_7603.jpg
Zakynthos,images/rightIMG_8005.JPG,t528,skipped_small,0.9658005237579346,0.07760008408113134,3512.26318359375,315.2267761230469,5012.357421875,1556.7501220703125,Zakynthos/overlay/0048_rightIMG_8005.jpg
Zakynthos,images/leftIMG_8001.JPG,t528,skipped_small,0.8104296326637268,0.042780783052638174,2198.347412109375,1892.593505859375,3312.743408203125,2813.9345703125,Zakynthos/overlay/0049_leftIMG_8001.jpg
Zakynthos,images/leftIMG_0916.jpeg,t528,skipped_small,0.8250229954719543,0.019296952033086998,2538.73583984375,1545.0252685546875,3259.416748046875,2079.52392578125,Zakynthos/overlay/0050_leftIMG_0916.jpg
Zakynthos,images/rightIMG_0919.jpeg,t528,skipped_small,0.9092875719070435,0.031240092843780272,2867.883056640625,1262.578125,3812.230224609375,1922.9393310546875,Zakynthos/overlay/0051_rightIMG_0919.jpg
Zakynthos,images/rightIMG_9348.JPG,SM19-53,no_detection,,,,,,,Zakynthos/overlay/0052_rightIMG_9348.jpg
Zakynthos,images/leftIMG_9345.JPG,SM19-53,skipped_small,0.7722309827804565,0.021406588227891706,1840.6051025390625,711.3535766601562,2620.937744140625,1258.9600830078125,Zakynthos/overlay/0053_leftIMG_9345.jpg
Zakynthos,images/rightIMG_8270.JPG,SM19-53,skipped_small,0.26053375005722046,0.056524862372545066,2817.146728515625,494.6397399902344,3808.2578125,1633.1005859375,Zakynthos/overlay/0054_rightIMG_8270.jpg
Zakynthos,images/leftIMG_8260.JPG,SM19-53,skipped_small,0.8557082414627075,0.012884705243993077,1921.025146484375,1524.13330078125,2473.77978515625,1989.4439697265625,Zakynthos/overlay/0055_leftIMG_8260.jpg
Zakynthos,images/rightIMG_7144.JPG,G16-43,skipped_small,0.7432496547698975,0.009674299461540744,2658.372802734375,1211.1614990234375,3155.954345703125,1599.272705078125,Zakynthos/overlay/0056_rightIMG_7144.jpg
Zakynthos,images/leftIMG_7150.JPG,G16-43,skipped_small,0.8661068677902222,0.031199567478256824,1349.2117919921875,901.408935546875,2269.731201171875,1577.98486328125,Zakynthos/overlay/0057_leftIMG_7150.jpg
Zakynthos,images/leftIMG_1054.jpg,G16-43,skipped_small,0.813987135887146,0.06282723400738424,1918.815185546875,1558.1417236328125,3166.031982421875,2563.69921875,Zakynthos/overlay/0058_leftIMG_1054.jpg
Zakynthos,images/rightIMG_1057.jpg,G16-43,skipped_small,0.9593887329101562,0.03618463731122174,2476.58984375,1510.7939453125,3453.906005859375,2249.87158203125,Zakynthos/overlay/0059_rightIMG_1057.jpg
Zakynthos,images/leftIMG_7474.JPG,SM21-42,no_detection,,,,,,,Zakynthos/overlay/0060_leftIMG_7474.jpg
Zakynthos,images/rightIMG_7502.JPG,SM21-42,skipped_small,0.9374522566795349,0.03364673532966779,3044.298095703125,1561.8453369140625,3988.88671875,2272.89697265625,Zakynthos/overlay/0061_rightIMG_7502.jpg
Zakynthos,images/rightIMG_3009.JPG,SM21-42,skipped_small,0.7345190048217773,0.07186478011466563,2896.65234375,1299.309814453125,4322.07666015625,2509.3037109375,Zakynthos/overlay/0062_rightIMG_3009.jpg
Zakynthos,images/leftIMG_2933.JPG,SM21-42,skipped_small,0.849251389503479,0.0296045674854815,1568.6328125,2353.8076171875,2560.7099609375,3069.991455078125,Zakynthos/overlay/0063_leftIMG_2933.jpg
Zakynthos,images/rightIMG_4310.JPG,YT008,skipped_small,0.9498167037963867,0.0416658393246045,2602.872314453125,968.9176025390625,3653.032470703125,1760.918212890625,Zakynthos/overlay/0064_rightIMG_4310.jpg
Zakynthos,images/leftIMG_4307.JPG,YT008,skipped_small,0.9514276385307312,0.051291450797355524,1467.0458984375,1032.1920166015625,2665.57666015625,1886.465087890625,Zakynthos/overlay/0065_leftIMG_4307.jpg
Zakynthos,images/rightIMG_8823.JPG,YT008,skipped_small,0.7746593356132507,0.025986677997546764,2917.706787109375,554.0465698242188,3798.52685546875,1142.9776611328125,Zakynthos/overlay/0066_rightIMG_8823.jpg
Zakynthos,images/leftIMG_8841.JPG,YT008,skipped_small,0.9484294652938843,0.03936097244159411,1124.2957763671875,1254.43359375,2175.312744140625,2002.012451171875,Zakynthos/overlay/0067_leftIMG_8841.jpg
Zakynthos,images/rightIMG_3884.JPG,tsb046,skipped_small,0.7330999970436096,0.051585176526560944,2348.534912109375,1292.1151123046875,3484.311279296875,2198.751220703125,Zakynthos/overlay/0068_rightIMG_3884.jpg
Zakynthos,images/leftIMG_3877.JPG,tsb046,no_detection,,,,,,,Zakynthos/overlay/0069_leftIMG_3877.jpg
Zakynthos,images/rightIMG_2592.JPG,tsb046,skipped_small,0.9445335268974304,0.01051313751740911,2986.1689453125,1316.308837890625,3478.407470703125,1742.650390625,Zakynthos/overlay/0070_rightIMG_2592.jpg
Zakynthos,images/leftIMG_2594.JPG,tsb046,skipped_small,0.7295909523963928,0.009863674395627362,2161.943115234375,1575.623779296875,2634.9365234375,1991.90283203125,Zakynthos/overlay/0071_leftIMG_2594.jpg
Zakynthos,images/leftIMG_1037.JPG,tsb022,skipped_small,0.6355146169662476,0.03360877456900252,1500.1732177734375,1247.4683837890625,2434.494140625,1965.5230712890625,Zakynthos/overlay/0072_leftIMG_1037.jpg
Zakynthos,images/rightIMG_1030.JPG,tsb022,skipped_small,0.9313692450523376,0.08029790980604758,2326.50439453125,1044.5728759765625,3726.05859375,2189.86279296875,Zakynthos/overlay/0073_rightIMG_1030.jpg
Zakynthos,images/rightIMG_7689.JPG,tsb022,skipped_small,0.9575966596603394,0.046560763758527725,3220.638427734375,1240.9189453125,4379.8251953125,2042.7218017578125,Zakynthos/overlay/0074_rightIMG_7689.jpg
Zakynthos,images/leftIMG_7682.JPG,tsb022,skipped_small,0.7561094760894775,0.048780760862661275,1463.014404296875,746.511474609375,2633.4013671875,1578.505126953125,Zakynthos/overlay/0075_leftIMG_7682.jpg
Zakynthos,images/leftIMG_8519.JPG,t463,cropped,0.7647713422775269,0.11504500464832895,1142.07861328125,1232.7198486328125,2856.66015625,2572.12060546875,Zakynthos/overlay/0076_leftIMG_8519.jpg
Zakynthos,images/rightIMG_8525.JPG,t463,skipped_small,0.6839703917503357,0.018242034291311684,2422.783203125,900.2567138671875,3087.226806640625,1448.301513671875,Zakynthos/overlay/0077_rightIMG_8525.jpg
Zakynthos,images/leftIMG_3016.JPG,t463,skipped_small,0.839223325252533,0.019524480014333313,1934.22216796875,499.85406494140625,2622.862548828125,1065.81689453125,Zakynthos/overlay/0078_leftIMG_3016.jpg
Zakynthos,images/rightIMG_3026.JPG,t463,skipped_small,0.8839274048805237,0.01697735704385819,2865.05322265625,1459.9708251953125,3477.928955078125,2012.93701171875,Zakynthos/overlay/0079_rightIMG_3026.jpg
Zakynthos,images/leftIMG_3050.jpg,G17-22,skipped_small,0.7369111180305481,0.06120877609915893,1378.031494140625,1108.60009765625,2619.989501953125,2092.402099609375,Zakynthos/overlay/0080_leftIMG_3050.jpg
Zakynthos,images/rightIMG_3046.jpg,G17-22,skipped_small,0.9646934866905212,0.037265709323842565,1852.150146484375,965.892333984375,2896.902099609375,1677.92041015625,Zakynthos/overlay/0081_rightIMG_3046.jpg
Zakynthos,images/rightIMG_5711.JPG,G17-22,skipped_small,0.9685118198394775,0.03655996643028103,2840.76416015625,1107.693359375,3840.369873046875,1837.7860107421875,Zakynthos/overlay/0082_rightIMG_5711.jpg
Zakynthos,images/leftIMG_5715.JPG,G17-22,skipped_small,0.5617952346801758,0.05576007524700806,1529.044921875,659.6964111328125,2739.516845703125,1579.234130859375,Zakynthos/overlay/0083_leftIMG_5715.jpg
Zakynthos,images/leftIMG_3002.JPG,t447,no_detection,,,,,,,Zakynthos/overlay/0084_leftIMG_3002.jpg
Zakynthos,images/rightIMG_2995.JPG,t447,no_detection,,,,,,,Zakynthos/overlay/0085_rightIMG_2995.jpg
Zakynthos,images/rightIMG_8008.JPG,t447,no_detection,,,,,,,Zakynthos/overlay/0086_rightIMG_8008.jpg
Zakynthos,images/leftIMG_8006.JPG,t447,skipped_small,0.5836431980133057,0.0039058078819154966,1639.075927734375,1624.7371826171875,1916.1590576171875,1906.1226806640625,Zakynthos/overlay/0087_leftIMG_8006.jpg
Zakynthos,images/rightIMG_4400.JPG,t610,skipped_small,0.5264819860458374,0.01230203882249622,2702.04443359375,1175.9661865234375,3235.94091796875,1635.9271240234375,Zakynthos/overlay/0088_rightIMG_4400.jpg
Zakynthos,images/leftIMG_4395.JPG,t610,no_detection,,,,,,,Zakynthos/overlay/0089_leftIMG_4395.jpg
Zakynthos,images/rightIMG_8587.JPG,t610,skipped_small,0.7056834101676941,0.012537481255107433,2678.61474609375,319.4775085449219,3233.94091796875,770.152099609375,Zakynthos/overlay/0090_rightIMG_8587.jpg
Zakynthos,images/leftIMG_8583.JPG,t610,skipped_small,0.8440839648246765,0.027494337538390857,1635.579345703125,814.4713745117188,2492.300537109375,1455.0975341796875,Zakynthos/overlay/0091_leftIMG_8583.jpg
Zakynthos,images/rightIMG_2851.JPG,t521,skipped_small,0.7498407363891602,0.018186565440278774,1883.7359619140625,1550.2520751953125,2583.193359375,2069.279541015625,Zakynthos/overlay/0092_rightIMG_2851.jpg
Zakynthos,images/leftIMG_2833.JPG,t521,skipped_small,0.8313709497451782,0.02527842332619044,1462.5643310546875,881.2766723632812,2225.70947265625,1542.4932861328125,Zakynthos/overlay/0093_leftIMG_2833.jpg
Zakynthos,images/leftIMG_1510.JPG,t521,skipped_small,0.8788937330245972,0.0623691186966129,1380.6258544921875,974.3668212890625,2741.646240234375,1889.1241455078125,Zakynthos/overlay/0094_leftIMG_1510.jpg
Zakynthos,images/rightIMG_1518.JPG,t521,no_detection,,,,,,,Zakynthos/overlay/0095_rightIMG_1518.jpg
Zakynthos,images/rightIMG_3990.JPG,CZS20-09,no_detection,,,,,,,Zakynthos/overlay/0096_rightIMG_3990.jpg
Zakynthos,images/leftIMG_3995.JPG,CZS20-09,no_detection,,,,,,,Zakynthos/overlay/0097_leftIMG_3995.jpg
Zakynthos,images/rightIMG_9469.jpeg,CZS20-09,skipped_small,0.7987507581710815,0.0033760082646909152,2592.792724609375,1247.1241455078125,2906.912353515625,1461.6646728515625,Zakynthos/overlay/0098_rightIMG_9469.jpg
Zakynthos,images/leftIMG_9475.jpeg,CZS20-09,skipped_small,0.3826914429664612,0.005420025706935855,1627.148193359375,1156.2974853515625,1957.8055419921875,1483.505615234375,Zakynthos/overlay/0099_leftIMG_9475.jpg
Zakynthos,images/rightIMG_1889.jpeg,t570,skipped_small,0.637291669845581,0.0032715745892292485,2869.06884765625,1320.6378173828125,3158.673828125,1546.1405029296875,Zakynthos/overlay/0100_rightIMG_1889.jpg
Zakynthos,images/leftIMG_1894.jpeg,t570,skipped_small,0.6887944936752319,0.008563928586049832,1639.3046875,1356.6796875,2023.314697265625,1801.8553466796875,Zakynthos/overlay/0101_leftIMG_1894.jpg
Zakynthos,images/leftIMG_6647.JPG,t570,skipped_small,0.9413285255432129,0.009008265725571113,1772.4122314453125,1365.2755126953125,2275.559814453125,1722.6690673828125,Zakynthos/overlay/0102_leftIMG_6647.jpg
Zakynthos,images/rightIMG_6652.JPG,t570,skipped_small,0.5647860765457153,0.01690771234352373,2492.681396484375,1029.1861572265625,3164.0546875,1531.9010009765625,Zakynthos/overlay/0103_rightIMG_6652.jpg
Zakynthos,images/rightIMG_0592.JPG,G16-03,skipped_small,0.777484118938446,0.009750667839999666,2666.749267578125,1184.1553955078125,3119.0634765625,1614.4788818359375,Zakynthos/overlay/0104_rightIMG_0592.jpg
Zakynthos,images/leftIMG_0597.jpg,G16-03,skipped_small,0.6212610006332397,0.036438687750215096,844.63427734375,2938.746826171875,1683.660888671875,3805.6845703125,Zakynthos/overlay/0105_leftIMG_0597.jpg
Zakynthos,images/leftIMG_0344.jpg,G16-03,no_detection,,,,,,,Zakynthos/overlay/0106_leftIMG_0344.jpg
Zakynthos,images/rightIMG_0349.jpg,G16-03,skipped_small,0.7453123331069946,0.01277619510397074,2621.35400390625,1044.41162109375,3154.010009765625,1523.2132568359375,Zakynthos/overlay/0107_rightIMG_0349.jpg
Zakynthos,images/leftIMG_9544.jpeg,t558,skipped_small,0.49681445956230164,0.01465649266718929,1733.3270263671875,1006.7169189453125,2375.9013671875,1462.02734375,Zakynthos/overlay/0108_leftIMG_9544.jpg
Zakynthos,images/rightIMG_9547.jpeg,t558,skipped_small,0.7899325489997864,0.0029242556505717876,1699.6781005859375,2381.36572265625,1932.7540283203125,2631.814453125,Zakynthos/overlay/0109_rightIMG_9547.jpg
Zakynthos,images/rightIMG_4319.JPG,t558,skipped_small,0.9578577876091003,0.07000310192791505,2657.982177734375,873.3851318359375,4042.37890625,1882.77197265625,Zakynthos/overlay/0110_rightIMG_4319.jpg
Zakynthos,images/leftIMG_4314.JPG,t558,skipped_small,0.9315255284309387,0.051181625061936006,784.52490234375,1014.0216674804688,1954.1845703125,1887.5067138671875,Zakynthos/overlay/0111_leftIMG_4314.jpg
Zakynthos,images/leftIMG_6197.JPG,SM20-30,skipped_small,0.7680565714836121,0.024894102217313974,1498.8720703125,1106.0216064453125,2306.00146484375,1721.700439453125,Zakynthos/overlay/0112_leftIMG_6197.jpg
Zakynthos,images/rightIMG_6193.JPG,SM20-30,skipped_small,0.9748443961143494,0.06827882893225165,2471.266845703125,1120.3724365234375,3866.655029296875,2097.1416015625,Zakynthos/overlay/0113_rightIMG_6193.jpg
Zakynthos,images/leftIMG_1069.JPG,SM20-30,skipped_small,0.28277695178985596,0.02452744292899727,1273.1947021484375,931.5,2077.7958984375,1540.0167236328125,Zakynthos/overlay/0114_leftIMG_1069.jpg
Zakynthos,images/rightIMG_1077.JPG,SM20-30,skipped_small,0.7106043100357056,0.00544259639983729,2883.111328125,1318.1278076171875,3242.006591796875,1620.8465576171875,Zakynthos/overlay/0115_rightIMG_1077.jpg
Zakynthos,images/leftIMG_8675.JPG,tsb056,skipped_small,0.7590346336364746,0.014611339770241457,1455.9007568359375,1675.40185546875,2070.96630859375,2149.610595703125,Zakynthos/overlay/0116_leftIMG_8675.jpg
Zakynthos,images/rightIMG_8685.JPG,tsb056,skipped_small,0.7032409906387329,0.020014390645887687,3247.697998046875,1311.1370849609375,4002.282470703125,1840.599853515625,Zakynthos/overlay/0117_rightIMG_8685.jpg
Zakynthos,images/rightIMG_3175.JPG,tsb056,skipped_small,0.9058014154434204,0.03475836330420734,2404.45166015625,804.8544311523438,3323.460693359375,1559.8431396484375,Zakynthos/overlay/0118_rightIMG_3175.jpg
Zakynthos,images/leftIMG_3172.JPG,tsb056,skipped_small,0.8108332753181458,0.044457631039647956,1637.97021484375,1203.6468505859375,2576.99609375,2148.729248046875,Zakynthos/overlay/0119_leftIMG_3172.jpg
Zakynthos,images/leftIMG_9296.JPG,t573,skipped_small,0.9414792060852051,0.03258169376462082,1424.72412109375,1153.5037841796875,2330.113037109375,1871.8592529296875,Zakynthos/overlay/0120_leftIMG_9296.jpg
Zakynthos,images/rightIMG_9298.JPG,t573,skipped_small,0.6644740104675293,0.018793610010724084,1692.6881103515625,2423.033203125,2246.305419921875,3100.677001953125,Zakynthos/overlay/0121_rightIMG_9298.jpg
Zakynthos,images/leftIMG_0751.jpeg,t573,skipped_small,0.7914798855781555,0.018834829275498427,1583.9334716796875,781.4274291992188,2290.86767578125,1313.2706298828125,Zakynthos/overlay/0122_leftIMG_0751.jpg
Zakynthos,images/rightIMG_0755.jpeg,t573,skipped_small,0.9190018773078918,0.03095270120008351,3178.299560546875,1359.61962890625,4136.58154296875,2004.3916015625,Zakynthos/overlay/0123_rightIMG_0755.jpg
Zakynthos,images/rightIMG_6318.JPG,t547,skipped_small,0.7868936657905579,0.02636801375326479,2900.908935546875,1406.533935546875,3637.28857421875,2121.32080078125,Zakynthos/overlay/0124_rightIMG_6318.jpg
Zakynthos,images/leftIMG_6042_differentday.JPG,t547,skipped_small,0.8863500356674194,0.0662386226336721,924.9407348632812,1107.29931640625,2234.4501953125,2117.025390625,Zakynthos/overlay/0125_leftIMG_6042_differentday.jpg
Zakynthos,images/leftIMG_1372.jpeg,t547,skipped_small,0.8728910684585571,0.031207975614914816,1233.0032958984375,886.2750244140625,2147.595458984375,1567.419189453125,Zakynthos/overlay/0126_leftIMG_1372.jpg
Zakynthos,images/rightIMG_1361.jpeg,t547,skipped_small,0.8009885549545288,0.024333907340975982,2753.3837890625,1356.4976806640625,3578.463134765625,1945.2288818359375,Zakynthos/overlay/0127_rightIMG_1361.jpg
Zakynthos,images/rightIMG_5986.JPG,t493,skipped_small,0.7115657329559326,0.020493681859900272,2583.951416015625,1539.0701904296875,3251.13232421875,2152.235107421875,Zakynthos/overlay/0128_rightIMG_5986.jpg
Zakynthos,images/leftIMG_5980.JPG,t493,skipped_small,0.5654467344284058,0.021387136091909283,1459.9700927734375,1141.95849609375,2132.415283203125,1776.8458251953125,Zakynthos/overlay/0129_leftIMG_5980.jpg
Zakynthos,images/leftIMG_2529.JPG,t493,skipped_small,0.7805221676826477,0.012490724375951324,1702.63427734375,1338.9796142578125,2231.31396484375,1810.6036376953125,Zakynthos/overlay/0130_leftIMG_2529.jpg
Zakynthos,images/rightIMG_2534.JPG,t493,no_detection,,,,,,,Zakynthos/overlay/0131_rightIMG_2534.jpg
Zakynthos,images/leftIMG_8921.jpeg,gtJ204,skipped_small,0.8392699360847473,0.01612876432348742,1318.461181640625,1335.58544921875,1967.088623046875,1831.956787109375,Zakynthos/overlay/0132_leftIMG_8921.jpg
Zakynthos,images/rightIMG_8926.jpeg,gtJ204,skipped_small,0.37122446298599243,0.002680171274900535,2840.4814453125,1465.8026123046875,3058.9453125,1710.6998291015625,Zakynthos/overlay/0133_rightIMG_8926.jpg
Zakynthos,images/rightIMG_2225.JPG,gtJ204,skipped_small,0.8625586628913879,0.01242055164726188,2462.90869140625,1276.1375732421875,2996.0751953125,1741.1654052734375,Zakynthos/overlay/0134_rightIMG_2225.jpg
Zakynthos,images/leftIMG_2222.JPG,gtJ204,skipped_small,0.879275381565094,0.01658243944394543,1627.63916015625,1076.5615234375,2286.71630859375,1578.8035888671875,Zakynthos/overlay/0135_leftIMG_2222.jpg
Zakynthos,images/rightIMG_9907itstherightone.JPG,G20-05,skipped_small,0.8098109364509583,0.024778461569602516,3622.824951171875,1463.3284912109375,4455.19921875,2057.561279296875,Zakynthos/overlay/0136_rightIMG_9907itstherightone.jpg
Zakynthos,images/leftIMG_9895itsthebottomone.JPG,G20-05,skipped_small,0.5053606629371643,0.036620907103007236,962.4081420898438,938.0426025390625,1890.799072265625,1725.4493408203125,Zakynthos/overlay/0137_leftIMG_9895itsthebottomone.jpg
Zakynthos,images/leftIMG_3245.JPG,G20-05,skipped_small,0.8525654673576355,0.05213036053244088,1793.3466796875,905.565673828125,3057.9296875,1728.46044921875,Zakynthos/overlay/0138_leftIMG_3245.jpg
Zakynthos,images/rightIMG_3238.JPG,G20-05,skipped_small,0.7169516086578369,0.01334329680438624,2361.6279296875,1245.7213134765625,2940.039794921875,1706.2183837890625,Zakynthos/overlay/0139_rightIMG_3238.jpg
Zakynthos,images/leftIMG_9277.jpg,G18-02,skipped_small,0.8144925832748413,0.04952155886766837,1277.319091796875,1214.780517578125,2421.907958984375,2078.4462890625,Zakynthos/overlay/0140_leftIMG_9277.jpg
Zakynthos,images/rightIMG_9280.jpg,G18-02,skipped_small,0.5348734855651855,0.006160028302815112,2646.7275390625,1333.96875,3045.289306640625,1642.4920654296875,Zakynthos/overlay/0141_rightIMG_9280.jpg
Zakynthos,images/rightIMG_1480.JPG,G18-02,skipped_small,0.8324978351593018,0.05054717010892928,2782.11767578125,1486.2490234375,3889.037109375,2582.202392578125,Zakynthos/overlay/0142_rightIMG_1480.jpg
Zakynthos,images/leftIMG_1497.JPG,G18-02,no_detection,,,,,,,Zakynthos/overlay/0143_leftIMG_1497.jpg
Zakynthos,images/rightIMG_2237.JPG,t516,no_detection,,,,,,,Zakynthos/overlay/0144_rightIMG_2237.jpg
Zakynthos,images/leftIMG_2243.JPG,t516,no_detection,,,,,,,Zakynthos/overlay/0145_leftIMG_2243.jpg
Zakynthos,images/leftIMG_4441.JPG,t516,skipped_small,0.41436102986335754,0.017133775370273302,1991.9796142578125,1019.4862670898438,2665.903076171875,1526.994873046875,Zakynthos/overlay/0146_leftIMG_4441.jpg
Zakynthos,images/rightIMG_4435.JPG,t516,no_detection,,,,,,,Zakynthos/overlay/0147_rightIMG_4435.jpg
Zakynthos,images/leftIMG_0328.jpeg,SE010,skipped_small,0.6681855320930481,0.01747899323487075,1237.6834716796875,896.2392578125,1845.8079833984375,1469.9920654296875,Zakynthos/overlay/0148_leftIMG_0328.jpg
Zakynthos,images/rightIMG_0332.jpeg,SE010,no_detection,,,,,,,Zakynthos/overlay/0149_rightIMG_0332.jpg
Zakynthos,images/leftIMG_1105.JPG,SE010,skipped_small,0.5108212232589722,0.01061832963080366,1479.76806640625,1168.43310546875,1998.9609375,1576.6851806640625,Zakynthos/overlay/0150_leftIMG_1105.jpg
Zakynthos,images/rightIMG_1110.JPG,SE010,skipped_small,0.7734789252281189,0.004825111534477114,2370.944091796875,1731.82080078125,2712.462890625,2013.8497314453125,Zakynthos/overlay/0151_rightIMG_1110.jpg
Zakynthos,images/leftIMG_2488.JPG,G17-27,skipped_small,0.3359031677246094,0.0029510903295942225,1977.7706298828125,1994.3062744140625,2259.281982421875,2203.56689453125,Zakynthos/overlay/0152_leftIMG_2488.jpg
Zakynthos,images/rightIMG_2500.JPG,G17-27,skipped_small,0.750048041343689,0.020120977894037204,3093.872802734375,946.6595458984375,3819.833251953125,1499.929443359375,Zakynthos/overlay/0153_rightIMG_2500.jpg
Zakynthos,images/rightIMG_1570.JPG,G17-27,skipped_small,0.639003574848175,0.01354946075168022,2159.61083984375,1258.85498046875,2719.024169921875,1742.347900390625,Zakynthos/overlay/0154_rightIMG_1570.jpg
Zakynthos,images/leftIMG_1575.JPG,G17-27,skipped_small,0.5410895943641663,0.017638450289233065,2321.5244140625,1122.821533203125,3025.0546875,1623.2921142578125,Zakynthos/overlay/0155_leftIMG_1575.jpg
Zakynthos,images/rightIMG_1482.JPG,X026,skipped_small,0.9122408032417297,0.054052040775049395,2116.905029296875,1361.416015625,3295.40771484375,2276.966796875,Zakynthos/overlay/0156_rightIMG_1482.jpg
Zakynthos,images/leftIMG_1269.JPG,X026,skipped_small,0.8525053858757019,0.06186944391527603,1443.656005859375,1042.2333984375,2759.406005859375,1980.883544921875,Zakynthos/overlay/0157_leftIMG_1269.jpg
Zakynthos,images/leftIMG_1915.jpg,X026,skipped_small,0.8276029229164124,0.05288650115172306,1089.2393798828125,647.2017822265625,2268.112060546875,1542.7291259765625,Zakynthos/overlay/0158_leftIMG_1915.jpg
Zakynthos,images/rightIMG_1965.jpg,X026,skipped_small,0.9638522863388062,0.0438982391681658,1881.8255615234375,1612.0567626953125,2974.916259765625,2413.7197265625,Zakynthos/overlay/0159_rightIMG_1965.jpg
Amvrakikos,images/01_2017_left_DSC03532.JPG,1,no_detection,,,,,,,Amvrakikos/overlay/0000_01_2017_left_DSC03532.jpg
Amvrakikos,images/01_2017_right_DSC03531.JPG,1,skipped_small,0.2774864733219147,0.001834807637586697,4553.81103515625,1392.8558349609375,4779.46044921875,1554.7269287109375,Amvrakikos/overlay/0001_01_2017_right_DSC03531.jpg
Amvrakikos,images/01_2022_left_8.JPG,1,no_detection,,,,,,,Amvrakikos/overlay/0002_01_2022_left_8.jpg
Amvrakikos,images/01_2022_right_9.JPG,1,no_detection,,,,,,,Amvrakikos/overlay/0003_01_2022_right_9.jpg
Amvrakikos,images/02_2015_left_DSCN0790.JPG,2,no_detection,,,,,,,Amvrakikos/overlay/0004_02_2015_left_DSCN0790.jpg
Amvrakikos,images/02_2015_right_DSCN0789.JPG,2,skipped_small,0.7549072504043579,0.08384204205917871,2020.20849609375,1170.686767578125,3158.829833984375,2343.337646484375,Amvrakikos/overlay/0005_02_2015_right_DSCN0789.jpg
Amvrakikos,images/02_2022_left_8.JPG,2,no_detection,,,,,,,Amvrakikos/overlay/0006_02_2022_left_8.jpg
Amvrakikos,images/02_2022_right_9.JPG,2,skipped_small,0.4274353086948395,0.019638932270741868,1081.4859619140625,3165.70556640625,2158.857177734375,3456.0,Amvrakikos/overlay/0007_02_2022_right_9.jpg
Amvrakikos,images/03_2015_left_DSCN0830.JPG,3,no_detection,,,,,,,Amvrakikos/overlay/0008_03_2015_left_DSCN0830.jpg
Amvrakikos,images/03_2015_right_DSCN0831.JPG,3,no_detection,,,,,,,Amvrakikos/overlay/0009_03_2015_right_DSCN0831.jpg
Amvrakikos,images/03_2022_left_8.JPG,3,no_detection,,,,,,,Amvrakikos/overlay/0010_03_2022_left_8.jpg
Amvrakikos,images/03_2022_right_9.JPG,3,no_detection,,,,,,,Amvrakikos/overlay/0011_03_2022_right_9.jpg
Amvrakikos,images/04_2017_left_DSC04438.JPG,4,no_detection,,,,,,,Amvrakikos/overlay/0012_04_2017_left_DSC04438.jpg
Amvrakikos,images/04_2017_right_DSC04437.JPG,4,no_detection,,,,,,,Amvrakikos/overlay/0013_04_2017_right_DSC04437.jpg
Amvrakikos,images/04_2022_left_8.JPG,4,no_detection,,,,,,,Amvrakikos/overlay/0014_04_2022_left_8.jpg
Amvrakikos,images/04_2022_right_9.JPG,4,no_detection,,,,,,,Amvrakikos/overlay/0015_04_2022_right_9.jpg
Amvrakikos,images/05_2018_left_P1010125.JPG,5,no_detection,,,,,,,Amvrakikos/overlay/0016_05_2018_left_P1010125.jpg
Amvrakikos,images/05_2018_right_P1010124.JPG,5,no_detection,,,,,,,Amvrakikos/overlay/0017_05_2018_right_P1010124.jpg
Amvrakikos,images/05_2022_left_8.JPG,5,no_detection,,,,,,,Amvrakikos/overlay/0018_05_2022_left_8.jpg
Amvrakikos,images/05_2022_right_9.JPG,5,no_detection,,,,,,,Amvrakikos/overlay/0019_05_2022_right_9.jpg
Amvrakikos,images/06_2018_left_P1040280.JPG,6,no_detection,,,,,,,Amvrakikos/overlay/0020_06_2018_left_P1040280.jpg
Amvrakikos,images/06_2018_right_P1040281.JPG,6,skipped_small,0.3184781074523926,0.01033347782746811,4278.56298828125,2951.455810546875,4604.72509765625,3456.0,Amvrakikos/overlay/0021_06_2018_right_P1040281.jpg
Amvrakikos,images/06_2022_left_8.JPG,6,cropped,0.32040491700172424,0.14903219327090572,1672.9052734375,1379.03369140625,3548.45947265625,2644.45947265625,Amvrakikos/overlay/0022_06_2022_left_8.jpg
Amvrakikos,images/06_2022_right_9.JPG,6,no_detection,,,,,,,Amvrakikos/overlay/0023_06_2022_right_9.jpg
Amvrakikos,images/07_2017_left_DSC03998.JPG,7,no_detection,,,,,,,Amvrakikos/overlay/0024_07_2017_left_DSC03998.jpg
Amvrakikos,images/07_2017_right_DSC03997.JPG,7,no_detection,,,,,,,Amvrakikos/overlay/0025_07_2017_right_DSC03997.jpg
Amvrakikos,images/07_2022_left_8.JPG,7,no_detection,,,,,,,Amvrakikos/overlay/0026_07_2022_left_8.jpg
Amvrakikos,images/07_2022_right_9.JPG,7,no_detection,,,,,,,Amvrakikos/overlay/0027_07_2022_right_9.jpg
Amvrakikos,images/08_2018_left_P1030260.JPG,8,no_detection,,,,,,,Amvrakikos/overlay/0028_08_2018_left_P1030260.jpg
Amvrakikos,images/08_2018_right_P1030259.JPG,8,no_detection,,,,,,,Amvrakikos/overlay/0029_08_2018_right_P1030259.jpg
Amvrakikos,images/08_2022_left_8.JPG,8,no_detection,,,,,,,Amvrakikos/overlay/0030_08_2022_left_8.jpg
Amvrakikos,images/08_2022_right_9.JPG,8,no_detection,,,,,,,Amvrakikos/overlay/0031_08_2022_right_9.jpg
Amvrakikos,images/09_2017_left_DSC04593.JPG,9,no_detection,,,,,,,Amvrakikos/overlay/0032_09_2017_left_DSC04593.jpg
Amvrakikos,images/09_2017_right_DSC04592.JPG,9,no_detection,,,,,,,Amvrakikos/overlay/0033_09_2017_right_DSC04592.jpg
Amvrakikos,images/09_2022_left_8.JPG,9,no_detection,,,,,,,Amvrakikos/overlay/0034_09_2022_left_8.jpg
Amvrakikos,images/09_2022_right_9.JPG,9,no_detection,,,,,,,Amvrakikos/overlay/0035_09_2022_right_9.jpg
Amvrakikos,images/10_2017_left_DSC04767.JPG,10,no_detection,,,,,,,Amvrakikos/overlay/0036_10_2017_left_DSC04767.jpg
Amvrakikos,images/10_2017_right_DSC04769.JPG,10,no_detection,,,,,,,Amvrakikos/overlay/0037_10_2017_right_DSC04769.jpg
Amvrakikos,images/10_2022_left_8.JPG,10,no_detection,,,,,,,Amvrakikos/overlay/0038_10_2022_left_8.jpg
Amvrakikos,images/10_2022_right_9.JPG,10,no_detection,,,,,,,Amvrakikos/overlay/0039_10_2022_right_9.jpg
Amvrakikos,images/11_2018_left_P1040355.JPG,11,no_detection,,,,,,,Amvrakikos/overlay/0040_11_2018_left_P1040355.jpg
Amvrakikos,images/11_2018_right_P1040354.JPG,11,no_detection,,,,,,,Amvrakikos/overlay/0041_11_2018_right_P1040354.jpg
Amvrakikos,images/11_2022_left_8.JPG,11,no_detection,,,,,,,Amvrakikos/overlay/0042_11_2022_left_8.jpg
Amvrakikos,images/11_2022_right_9.JPG,11,no_detection,,,,,,,Amvrakikos/overlay/0043_11_2022_right_9.jpg
Amvrakikos,images/12_2019_left_P1090332.JPG,12,no_detection,,,,,,,Amvrakikos/overlay/0044_12_2019_left_P1090332.jpg
Amvrakikos,images/12_2019_right_P1090331.JPG,12,no_detection,,,,,,,Amvrakikos/overlay/0045_12_2019_right_P1090331.jpg
Amvrakikos,images/12_2022_left_8.JPG,12,no_detection,,,,,,,Amvrakikos/overlay/0046_12_2022_left_8.jpg
Amvrakikos,images/12_2022_right_9.JPG,12,no_detection,,,,,,,Amvrakikos/overlay/0047_12_2022_right_9.jpg
Amvrakikos,images/13_2019_left_P1100248.JPG,13,skipped_small,0.4254907965660095,0.0018861601761074533,160.804931640625,122.8479995727539,330.4525451660156,233.8170166015625,Amvrakikos/overlay/0048_13_2019_left_P1100248.jpg
Amvrakikos,images/13_2019_right_P1100249.JPG,13,no_detection,,,,,,,Amvrakikos/overlay/0049_13_2019_right_P1100249.jpg
Amvrakikos,images/13_2022_left_8.JPG,13,no_detection,,,,,,,Amvrakikos/overlay/0050_13_2022_left_8.jpg
Amvrakikos,images/13_2022_right_9.JPG,13,no_detection,,,,,,,Amvrakikos/overlay/0051_13_2022_right_9.jpg
Amvrakikos,images/14_2017_left_DSC04964.JPG,14,no_detection,,,,,,,Amvrakikos/overlay/0052_14_2017_left_DSC04964.jpg
Amvrakikos,images/14_2017_right_DSC04963.JPG,14,no_detection,,,,,,,Amvrakikos/overlay/0053_14_2017_right_DSC04963.jpg
Amvrakikos,images/14_2022_left_8.JPG,14,no_detection,,,,,,,Amvrakikos/overlay/0054_14_2022_left_8.jpg
Amvrakikos,images/14_2022_right_9.JPG,14,no_detection,,,,,,,Amvrakikos/overlay/0055_14_2022_right_9.jpg
Amvrakikos,images/15_2017_left_DSC04396.JPG,15,no_detection,,,,,,,Amvrakikos/overlay/0056_15_2017_left_DSC04396.jpg
Amvrakikos,images/15_2017_right_DSC04395.JPG,15,no_detection,,,,,,,Amvrakikos/overlay/0057_15_2017_right_DSC04395.jpg
Amvrakikos,images/15_2022_left_8.JPG,15,no_detection,,,,,,,Amvrakikos/overlay/0058_15_2022_left_8.jpg
Amvrakikos,images/15_2022_right_9.JPG,15,no_detection,,,,,,,Amvrakikos/overlay/0059_15_2022_right_9.jpg
Amvrakikos,images/16_2019_left_P1060309.JPG,16,no_detection,,,,,,,Amvrakikos/overlay/0060_16_2019_left_P1060309.jpg
Amvrakikos,images/16_2019_right_P1060311.JPG,16,no_detection,,,,,,,Amvrakikos/overlay/0061_16_2019_right_P1060311.jpg
Amvrakikos,images/16_2022_left_8.JPG,16,no_detection,,,,,,,Amvrakikos/overlay/0062_16_2022_left_8.jpg
Amvrakikos,images/16_2022_right_9.JPG,16,no_detection,,,,,,,Amvrakikos/overlay/0063_16_2022_right_9.jpg
Amvrakikos,images/17_2018_left_P1010030.JPG,17,no_detection,,,,,,,Amvrakikos/overlay/0064_17_2018_left_P1010030.jpg
Amvrakikos,images/17_2018_right_P1010029.JPG,17,no_detection,,,,,,,Amvrakikos/overlay/0065_17_2018_right_P1010029.jpg
Amvrakikos,images/17_2022_left_8.JPG,17,no_detection,,,,,,,Amvrakikos/overlay/0066_17_2022_left_8.jpg
Amvrakikos,images/17_2022_right_9.JPG,17,no_detection,,,,,,,Amvrakikos/overlay/0067_17_2022_right_9.jpg
Amvrakikos,images/18_2017_left_DSC02598.JPG,18,no_detection,,,,,,,Amvrakikos/overlay/0068_18_2017_left_DSC02598.jpg
Amvrakikos,images/18_2017_right_DSC02597.JPG,18,no_detection,,,,,,,Amvrakikos/overlay/0069_18_2017_right_DSC02597.jpg
Amvrakikos,images/18_2022_left_8.JPG,18,no_detection,,,,,,,Amvrakikos/overlay/0070_18_2022_left_8.jpg
Amvrakikos,images/18_2022_right_9.JPG,18,no_detection,,,,,,,Amvrakikos/overlay/0071_18_2022_right_9.jpg
Amvrakikos,images/19_2018_left_P1020199.JPG,19,no_detection,,,,,,,Amvrakikos/overlay/0072_19_2018_left_P1020199.jpg
Amvrakikos,images/19_2018_right_P1020201.JPG,19,no_detection,,,,,,,Amvrakikos/overlay/0073_19_2018_right_P1020201.jpg
Amvrakikos,images/19_2022_left_8.JPG,19,no_detection,,,,,,,Amvrakikos/overlay/0074_19_2022_left_8.jpg
Amvrakikos,images/19_2022_right_9.JPG,19,no_detection,,,,,,,Amvrakikos/overlay/0075_19_2022_right_9.jpg
Amvrakikos,images/20_2017_left_DSC02153.JPG,20,no_detection,,,,,,,Amvrakikos/overlay/0076_20_2017_left_DSC02153.jpg
Amvrakikos,images/20_2017_right_DSC02151.JPG,20,no_detection,,,,,,,Amvrakikos/overlay/0077_20_2017_right_DSC02151.jpg
Amvrakikos,images/20_2022_left_8.JPG,20,no_detection,,,,,,,Amvrakikos/overlay/0078_20_2022_left_8.jpg
Amvrakikos,images/20_2022_right_9.JPG,20,no_detection,,,,,,,Amvrakikos/overlay/0079_20_2022_right_9.jpg
Amvrakikos,images/21_2019_left_P1050769.JPG,21,no_detection,,,,,,,Amvrakikos/overlay/0080_21_2019_left_P1050769.jpg
Amvrakikos,images/21_2019_right_P1050765.JPG,21,no_detection,,,,,,,Amvrakikos/overlay/0081_21_2019_right_P1050765.jpg
Amvrakikos,images/21_2022_left_8.JPG,21,no_detection,,,,,,,Amvrakikos/overlay/0082_21_2022_left_8.jpg
Amvrakikos,images/21_2022_right_9.JPG,21,skipped_small,0.4170386791229248,0.031780343792551895,4017.075927734375,1937.71533203125,4605.69189453125,2797.545654296875,Amvrakikos/overlay/0083_21_2022_right_9.jpg
Amvrakikos,images/22_2017_left_DSC01835.JPG,22,no_detection,,,,,,,Amvrakikos/overlay/0084_22_2017_left_DSC01835.jpg
Amvrakikos,images/22_2017_right_DSC01834.JPG,22,no_detection,,,,,,,Amvrakikos/overlay/0085_22_2017_right_DSC01834.jpg
Amvrakikos,images/22_2022_left_8.JPG,22,no_detection,,,,,,,Amvrakikos/overlay/0086_22_2022_left_8.jpg
Amvrakikos,images/22_2022_right_9.JPG,22,no_detection,,,,,,,Amvrakikos/overlay/0087_22_2022_right_9.jpg
Amvrakikos,images/23_2019_left_P1080734.JPG,23,no_detection,,,,,,,Amvrakikos/overlay/0088_23_2019_left_P1080734.jpg
Amvrakikos,images/23_2019_right_P1080733.JPG,23,no_detection,,,,,,,Amvrakikos/overlay/0089_23_2019_right_P1080733.jpg
Amvrakikos,images/23_2022_left_8.JPG,23,no_detection,,,,,,,Amvrakikos/overlay/0090_23_2022_left_8.jpg
Amvrakikos,images/23_2022_right_9.JPG,23,no_detection,,,,,,,Amvrakikos/overlay/0091_23_2022_right_9.jpg
Amvrakikos,images/24_2014_left_P7300138.JPG,24,no_detection,,,,,,,Amvrakikos/overlay/0092_24_2014_left_P7300138.jpg
Amvrakikos,images/24_2014_right_P7300137.JPG,24,no_detection,,,,,,,Amvrakikos/overlay/0093_24_2014_right_P7300137.jpg
Amvrakikos,images/24_2022_left_8.JPG,24,no_detection,,,,,,,Amvrakikos/overlay/0094_24_2022_left_8.jpg
Amvrakikos,images/24_2022_right_9.JPG,24,no_detection,,,,,,,Amvrakikos/overlay/0095_24_2022_right_9.jpg
Amvrakikos,images/25_2019_left_P1060516.JPG,25,no_detection,,,,,,,Amvrakikos/overlay/0096_25_2019_left_P1060516.jpg
Amvrakikos,images/25_2019_right_P1060517.JPG,25,no_detection,,,,,,,Amvrakikos/overlay/0097_25_2019_right_P1060517.jpg
Amvrakikos,images/25_2022_left_8.JPG,25,no_detection,,,,,,,Amvrakikos/overlay/0098_25_2022_left_8.jpg
Amvrakikos,images/25_2022_right_9.JPG,25,no_detection,,,,,,,Amvrakikos/overlay/0099_25_2022_right_9.jpg
Amvrakikos,images/26_2019_left_P1070976.JPG,26,no_detection,,,,,,,Amvrakikos/overlay/0100_26_2019_left_P1070976.jpg
Amvrakikos,images/26_2019_right_P1070973.JPG,26,no_detection,,,,,,,Amvrakikos/overlay/0101_26_2019_right_P1070973.jpg
Amvrakikos,images/26_2022_left_8.JPG,26,no_detection,,,,,,,Amvrakikos/overlay/0102_26_2022_left_8.jpg
Amvrakikos,images/26_2022_right_9.JPG,26,no_detection,,,,,,,Amvrakikos/overlay/0103_26_2022_right_9.jpg
Amvrakikos,images/27_2017_left_DSC03855 copy.JPG,27,skipped_small,0.3292258381843567,0.012250602372900673,2695.42236328125,3304.573486328125,3141.831787109375,3850.880859375,Amvrakikos/overlay/0104_27_2017_left_DSC03855 copy.jpg
Amvrakikos,images/27_2017_right_DSC03856 copy.JPG,27,no_detection,,,,,,,Amvrakikos/overlay/0105_27_2017_right_DSC03856 copy.jpg
Amvrakikos,images/27_2022_left_8 copy.JPG,27,no_detection,,,,,,,Amvrakikos/overlay/0106_27_2022_left_8 copy.jpg
Amvrakikos,images/27_2022_right_9 copy.JPG,27,no_detection,,,,,,,Amvrakikos/overlay/0107_27_2022_right_9 copy.jpg
Amvrakikos,images/28_2017_left_DSC04306 copy.JPG,28,no_detection,,,,,,,Amvrakikos/overlay/0108_28_2017_left_DSC04306 copy.jpg
Amvrakikos,images/28_2017_right_DSC04302 copy.JPG,28,skipped_small,0.3359697461128235,0.004244893419875452,1111.0220947265625,1.1734567880630493,1587.01416015625,178.70684814453125,Amvrakikos/overlay/0109_28_2017_right_DSC04302 copy.jpg
Amvrakikos,images/28_2022_left_8 copy.JPG,28,no_detection,,,,,,,Amvrakikos/overlay/0110_28_2022_left_8 copy.jpg
Amvrakikos,images/28_2022_right_9 copy.JPG,28,no_detection,,,,,,,Amvrakikos/overlay/0111_28_2022_right_9 copy.jpg
Amvrakikos,images/29_2017_left_DSCF4164.JPG,29,no_detection,,,,,,,Amvrakikos/overlay/0112_29_2017_left_DSCF4164.jpg
Amvrakikos,images/29_2017_right_DSCF4166.JPG,29,no_detection,,,,,,,Amvrakikos/overlay/0113_29_2017_right_DSCF4166.jpg
Amvrakikos,images/29_2022_left_8.JPG,29,no_detection,,,,,,,Amvrakikos/overlay/0114_29_2022_left_8.jpg
Amvrakikos,images/29_2022_right_9.JPG,29,no_detection,,,,,,,Amvrakikos/overlay/0115_29_2022_right_9.jpg
Amvrakikos,images/30_2018_left_P1050051.JPG,30,no_detection,,,,,,,Amvrakikos/overlay/0116_30_2018_left_P1050051.jpg
Amvrakikos,images/30_2018_right_P1050052.JPG,30,no_detection,,,,,,,Amvrakikos/overlay/0117_30_2018_right_P1050052.jpg
Amvrakikos,images/30_2022_left_8.JPG,30,no_detection,,,,,,,Amvrakikos/overlay/0118_30_2022_left_8.jpg
Amvrakikos,images/30_2022_right_9.JPG,30,no_detection,,,,,,,Amvrakikos/overlay/0119_30_2022_right_9.jpg
Amvrakikos,images/31_2017_left_DSC04449.JPG,31,no_detection,,,,,,,Amvrakikos/overlay/0120_31_2017_left_DSC04449.jpg
Amvrakikos,images/31_2017_right_DSC04448.JPG,31,no_detection,,,,,,,Amvrakikos/overlay/0121_31_2017_right_DSC04448.jpg
Amvrakikos,images/31_2022_left_8.JPG,31,no_detection,,,,,,,Amvrakikos/overlay/0122_31_2022_left_8.jpg
Amvrakikos,images/31_2022_right_9.JPG,31,no_detection,,,,,,,Amvrakikos/overlay/0123_31_2022_right_9.jpg
Amvrakikos,images/32_2017_left_DSC04158.JPG,32,skipped_small,0.2601102590560913,0.002891508427847637,3704.200439453125,3340.872314453125,3958.427001953125,3567.293212890625,Amvrakikos/overlay/0124_32_2017_left_DSC04158.jpg
Amvrakikos,images/32_2017_right_DSC04157.JPG,32,no_detection,,,,,,,Amvrakikos/overlay/0125_32_2017_right_DSC04157.jpg
Amvrakikos,images/32_2022_left_8.JPG,32,no_detection,,,,,,,Amvrakikos/overlay/0126_32_2022_left_8.jpg
Amvrakikos,images/32_2022_right_9.JPG,32,no_detection,,,,,,,Amvrakikos/overlay/0127_32_2022_right_9.jpg
Amvrakikos,images/33_2019_left_P1050696.JPG,33,no_detection,,,,,,,Amvrakikos/overlay/0128_33_2019_left_P1050696.jpg
Amvrakikos,images/33_2019_right_P1050697.JPG,33,no_detection,,,,,,,Amvrakikos/overlay/0129_33_2019_right_P1050697.jpg
Amvrakikos,images/33_2022_left_8.JPG,33,no_detection,,,,,,,Amvrakikos/overlay/0130_33_2022_left_8.jpg
Amvrakikos,images/33_2022_right_9.JPG,33,no_detection,,,,,,,Amvrakikos/overlay/0131_33_2022_right_9.jpg
Amvrakikos,images/34_2018_left_P1010377.JPG,34,skipped_small,0.35725075006484985,0.038936963263891074,2134.72265625,798.5285034179688,3022.472412109375,1497.0145263671875,Amvrakikos/overlay/0132_34_2018_left_P1010377.jpg
Amvrakikos,images/34_2018_right_P1010378.JPG,34,no_detection,,,,,,,Amvrakikos/overlay/0133_34_2018_right_P1010378.jpg
Amvrakikos,images/34_2022_left_8.JPG,34,no_detection,,,,,,,Amvrakikos/overlay/0134_34_2022_left_8.jpg
Amvrakikos,images/34_2022_right_9.JPG,34,no_detection,,,,,,,Amvrakikos/overlay/0135_34_2022_right_9.jpg
Amvrakikos,images/35_2015_left_DSC00028.JPG,35,no_detection,,,,,,,Amvrakikos/overlay/0136_35_2015_left_DSC00028.jpg
Amvrakikos,images/35_2015_right_DSC00029.JPG,35,no_detection,,,,,,,Amvrakikos/overlay/0137_35_2015_right_DSC00029.jpg
Amvrakikos,images/35_2022_left_8.JPG,35,no_detection,,,,,,,Amvrakikos/overlay/0138_35_2022_left_8.jpg
Amvrakikos,images/35_2022_right_9.JPG,35,no_detection,,,,,,,Amvrakikos/overlay/0139_35_2022_right_9.jpg
Amvrakikos,images/36_2018_left_P1040915.JPG,36,no_detection,,,,,,,Amvrakikos/overlay/0140_36_2018_left_P1040915.jpg
Amvrakikos,images/36_2018_right_P1040916.JPG,36,no_detection,,,,,,,Amvrakikos/overlay/0141_36_2018_right_P1040916.jpg
Amvrakikos,images/36_2022_left_8.JPG,36,no_detection,,,,,,,Amvrakikos/overlay/0142_36_2022_left_8.jpg
Amvrakikos,images/36_2022_right_9.JPG,36,no_detection,,,,,,,Amvrakikos/overlay/0143_36_2022_right_9.jpg
Amvrakikos,images/37_2019_left_P1070619.JPG,37,no_detection,,,,,,,Amvrakikos/overlay/0144_37_2019_left_P1070619.jpg
Amvrakikos,images/37_2019_right_P1070621.JPG,37,no_detection,,,,,,,Amvrakikos/overlay/0145_37_2019_right_P1070621.jpg
Amvrakikos,images/37_2022_left_8.JPG,37,no_detection,,,,,,,Amvrakikos/overlay/0146_37_2022_left_8.jpg
Amvrakikos,images/37_2022_right_9.JPG,37,no_detection,,,,,,,Amvrakikos/overlay/0147_37_2022_right_9.jpg
Amvrakikos,images/38_2018_left_P1000252.JPG,38,no_detection,,,,,,,Amvrakikos/overlay/0148_38_2018_left_P1000252.jpg
Amvrakikos,images/38_2018_right_P1000253.JPG,38,no_detection,,,,,,,Amvrakikos/overlay/0149_38_2018_right_P1000253.jpg
Amvrakikos,images/38_2022_left_8.JPG,38,no_detection,,,,,,,Amvrakikos/overlay/0150_38_2022_left_8.jpg
Amvrakikos,images/38_2022_right_9.JPG,38,cropped,0.28497546911239624,0.1331241153159633,803.2044067382812,1118.0374755859375,2394.3134765625,2450.463134765625,Amvrakikos/overlay/0151_38_2022_right_9.jpg
Amvrakikos,images/39_2017_left_DSC03422.JPG,39,no_detection,,,,,,,Amvrakikos/overlay/0152_39_2017_left_DSC03422.jpg
Amvrakikos,images/39_2017_right_DSC03421.JPG,39,no_detection,,,,,,,Amvrakikos/overlay/0153_39_2017_right_DSC03421.jpg
Amvrakikos,images/39_2022_left_8.JPG,39,no_detection,,,,,,,Amvrakikos/overlay/0154_39_2022_left_8.jpg
Amvrakikos,images/39_2022_right_9.JPG,39,skipped_small,0.3185255229473114,0.00998100708531606,3037.06787109375,0.0,3493.265380859375,348.4236755371094,Amvrakikos/overlay/0155_39_2022_right_9.jpg
Amvrakikos,images/40_2017_left_DSC03459.JPG,40,no_detection,,,,,,,Amvrakikos/overlay/0156_40_2017_left_DSC03459.jpg
Amvrakikos,images/40_2017_right_DSC03460.JPG,40,no_detection,,,,,,,Amvrakikos/overlay/0157_40_2017_right_DSC03460.jpg
Amvrakikos,images/40_2022_left_8.JPG,40,no_detection,,,,,,,Amvrakikos/overlay/0158_40_2022_left_8.jpg
Amvrakikos,images/40_2022_right_9.JPG,40,no_detection,,,,,,,Amvrakikos/overlay/0159_40_2022_right_9.jpg
Amvrakikos,images/41_2017_left_DSC03870.JPG,41,no_detection,,,,,,,Amvrakikos/overlay/0160_41_2017_left_DSC03870.jpg
Amvrakikos,images/41_2017_right_DSC03869.JPG,41,no_detection,,,,,,,Amvrakikos/overlay/0161_41_2017_right_DSC03869.jpg
Amvrakikos,images/41_2022_left_8.JPG,41,no_detection,,,,,,,Amvrakikos/overlay/0162_41_2022_left_8.jpg
Amvrakikos,images/41_2022_right_9.JPG,41,no_detection,,,,,,,Amvrakikos/overlay/0163_41_2022_right_9.jpg
Amvrakikos,images/42_2019_left_P1060287.JPG,42,no_detection,,,,,,,Amvrakikos/overlay/0164_42_2019_left_P1060287.jpg
Amvrakikos,images/42_2019_right_P1060291.JPG,42,no_detection,,,,,,,Amvrakikos/overlay/0165_42_2019_right_P1060291.jpg
Amvrakikos,images/42_2022_left_8.JPG,42,no_detection,,,,,,,Amvrakikos/overlay/0166_42_2022_left_8.jpg
Amvrakikos,images/42_2022_right_9.JPG,42,no_detection,,,,,,,Amvrakikos/overlay/0167_42_2022_right_9.jpg
Amvrakikos,images/43_2018_left_P1000982.JPG,43,no_detection,,,,,,,Amvrakikos/overlay/0168_43_2018_left_P1000982.jpg
Amvrakikos,images/43_2018_right_P1000983.JPG,43,no_detection,,,,,,,Amvrakikos/overlay/0169_43_2018_right_P1000983.jpg
Amvrakikos,images/43_2022_left_8.JPG,43,no_detection,,,,,,,Amvrakikos/overlay/0170_43_2022_left_8.jpg
Amvrakikos,images/43_2022_right_9.JPG,43,no_detection,,,,,,,Amvrakikos/overlay/0171_43_2022_right_9.jpg
Amvrakikos,images/44_2017_left_DSCF4136.JPG,44,no_detection,,,,,,,Amvrakikos/overlay/0172_44_2017_left_DSCF4136.jpg
Amvrakikos,images/44_2017_right_DSCF4134.JPG,44,no_detection,,,,,,,Amvrakikos/overlay/0173_44_2017_right_DSCF4134.jpg
Amvrakikos,images/44_2022_left_8.JPG,44,no_detection,,,,,,,Amvrakikos/overlay/0174_44_2022_left_8.jpg
Amvrakikos,images/44_2022_right_9.JPG,44,no_detection,,,,,,,Amvrakikos/overlay/0175_44_2022_right_9.jpg
Amvrakikos,images/45_2019_left_P1050515.JPG,45,no_detection,,,,,,,Amvrakikos/overlay/0176_45_2019_left_P1050515.jpg
Amvrakikos,images/45_2019_right_P1050514.JPG,45,no_detection,,,,,,,Amvrakikos/overlay/0177_45_2019_right_P1050514.jpg
Amvrakikos,images/45_2022_left_8.JPG,45,no_detection,,,,,,,Amvrakikos/overlay/0178_45_2022_left_8.jpg
Amvrakikos,images/45_2022_right_9.JPG,45,no_detection,,,,,,,Amvrakikos/overlay/0179_45_2022_right_9.jpg
Amvrakikos,images/46_2018_left_P1040868.JPG,46,no_detection,,,,,,,Amvrakikos/overlay/0180_46_2018_left_P1040868.jpg
Amvrakikos,images/46_2018_right_P1040867.JPG,46,skipped_small,0.7290830612182617,0.007237053940879838,787.7221069335938,3284.021484375,1457.8748779296875,3456.0,Amvrakikos/overlay/0181_46_2018_right_P1040867.jpg
Amvrakikos,images/46_2022_left_8.JPG,46,no_detection,,,,,,,Amvrakikos/overlay/0182_46_2022_left_8.jpg
Amvrakikos,images/46_2022_right_9.JPG,46,no_detection,,,,,,,Amvrakikos/overlay/0183_46_2022_right_9.jpg
Amvrakikos,images/47_2017_left_DSC02528.JPG,47,no_detection,,,,,,,Amvrakikos/overlay/0184_47_2017_left_DSC02528.jpg
Amvrakikos,images/47_2017_right_DSC02529.JPG,47,no_detection,,,,,,,Amvrakikos/overlay/0185_47_2017_right_DSC02529.jpg
Amvrakikos,images/47_2022_left_8.JPG,47,no_detection,,,,,,,Amvrakikos/overlay/0186_47_2022_left_8.jpg
Amvrakikos,images/47_2022_right_9.JPG,47,no_detection,,,,,,,Amvrakikos/overlay/0187_47_2022_right_9.jpg
Amvrakikos,images/48_2017_left_DSC04384.JPG,48,no_detection,,,,,,,Amvrakikos/overlay/0188_48_2017_left_DSC04384.jpg
Amvrakikos,images/48_2017_right_DSC04383.JPG,48,no_detection,,,,,,,Amvrakikos/overlay/0189_48_2017_right_DSC04383.jpg
Amvrakikos,images/48_2022_left_8.JPG,48,no_detection,,,,,,,Amvrakikos/overlay/0190_48_2022_left_8.jpg
Amvrakikos,images/48_2022_right_9.JPG,48,no_detection,,,,,,,Amvrakikos/overlay/0191_48_2022_right_9.jpg
Amvrakikos,images/49_2019_left_P1090432.JPG,49,no_detection,,,,,,,Amvrakikos/overlay/0192_49_2019_left_P1090432.jpg
Amvrakikos,images/49_2019_right_P1090431.JPG,49,no_detection,,,,,,,Amvrakikos/overlay/0193_49_2019_right_P1090431.jpg
Amvrakikos,images/49_2022_left_8.JPG,49,skipped_small,0.26031121611595154,0.008294162405247798,1685.3282470703125,3133.230712890625,2094.557373046875,3456.0,Amvrakikos/overlay/0194_49_2022_left_8.jpg
Amvrakikos,images/49_2022_right_9.JPG,49,skipped_small,0.2755107581615448,0.002856009637883293,4486.228515625,2.34228515625,4606.09716796875,381.77978515625,Amvrakikos/overlay/0195_49_2022_right_9.jpg
Amvrakikos,images/50_2018_left_P1040841.JPG,50,no_detection,,,,,,,Amvrakikos/overlay/0196_50_2018_left_P1040841.jpg
Amvrakikos,images/50_2018_right_P1040842.JPG,50,no_detection,,,,,,,Amvrakikos/overlay/0197_50_2018_right_P1040842.jpg
Amvrakikos,images/50_2022_left_8.JPG,50,no_detection,,,,,,,Amvrakikos/overlay/0198_50_2022_left_8.jpg
Amvrakikos,images/50_2022_right_9.JPG,50,no_detection,,,,,,,Amvrakikos/overlay/0199_50_2022_right_9.jpg
ReunionGreen,Green/Song/2012/Song_2012_L.webp,Song,no_detection,,,,,,,ReunionGreen/overlay/0000_Song_2012_L.jpg
ReunionGreen,Green/Song/2012/Song_2012_R.webp,Song,no_detection,,,,,,,ReunionGreen/overlay/0001_Song_2012_R.jpg
ReunionGreen,Green/Song/2023/Song_2023_L.webp,Song,no_detection,,,,,,,ReunionGreen/overlay/0002_Song_2023_L.jpg
ReunionGreen,Green/Song/2023/Song_2023_R.webp,Song,no_detection,,,,,,,ReunionGreen/overlay/0003_Song_2023_R.jpg
ReunionGreen,Green/Louisiane/2011/Louisiane_2011_L.webp,Louisiane,no_detection,,,,,,,ReunionGreen/overlay/0004_Louisiane_2011_L.jpg
ReunionGreen,Green/Louisiane/2011/Louisiane_2011_R.webp,Louisiane,no_detection,,,,,,,ReunionGreen/overlay/0005_Louisiane_2011_R.jpg
ReunionGreen,Green/Louisiane/2023/Louisiane_2023_L.webp,Louisiane,no_detection,,,,,,,ReunionGreen/overlay/0006_Louisiane_2023_L.jpg
ReunionGreen,Green/Louisiane/2023/Louisiane_2023_R.webp,Louisiane,skipped_small,0.44954347610473633,0.017244385622409188,90.6129150390625,183.9450225830078,136.1631622314453,240.93182373046875,ReunionGreen/overlay/0007_Louisiane_2023_R.jpg
ReunionGreen,Green/Katia/2021/Katia_2021_L.webp,Katia,no_detection,,,,,,,ReunionGreen/overlay/0008_Katia_2021_L.jpg
ReunionGreen,Green/Katia/2021/Katia_2021_R.webp,Katia,no_detection,,,,,,,ReunionGreen/overlay/0009_Katia_2021_R.jpg
ReunionGreen,Green/Katia/2024/Katia_2024_L.webp,Katia,no_detection,,,,,,,ReunionGreen/overlay/0010_Katia_2024_L.jpg
ReunionGreen,Green/Katia/2024/Katia_2024_R.webp,Katia,no_detection,,,,,,,ReunionGreen/overlay/0011_Katia_2024_R.jpg
ReunionGreen,Green/Dils/2008/Dils_2008_L.webp,Dils,no_detection,,,,,,,ReunionGreen/overlay/0012_Dils_2008_L.jpg
ReunionGreen,Green/Dils/2008/Dils_2008_R.webp,Dils,no_detection,,,,,,,ReunionGreen/overlay/0013_Dils_2008_R.jpg
ReunionGreen,Green/Dils/2014/Dils_2014_L.webp,Dils,no_detection,,,,,,,ReunionGreen/overlay/0014_Dils_2014_L.jpg
ReunionGreen,Green/Dils/2014/Dils_2014_R.webp,Dils,no_detection,,,,,,,ReunionGreen/overlay/0015_Dils_2014_R.jpg
ReunionGreen,Green/Youken-Diazgo/2011/Youken-Diazgo_2011_L.webp,Youken-Diazgo,no_detection,,,,,,,ReunionGreen/overlay/0016_Youken-Diazgo_2011_L.jpg
ReunionGreen,Green/Youken-Diazgo/2011/Youken-Diazgo_2011_R.webp,Youken-Diazgo,no_detection,,,,,,,ReunionGreen/overlay/0017_Youken-Diazgo_2011_R.jpg
ReunionGreen,Green/Youken-Diazgo/2019/Youken-Diazgo_2019_L.webp,Youken-Diazgo,no_detection,,,,,,,ReunionGreen/overlay/0018_Youken-Diazgo_2019_L.jpg
ReunionGreen,Green/Youken-Diazgo/2019/Youken-Diazgo_2019_R.webp,Youken-Diazgo,no_detection,,,,,,,ReunionGreen/overlay/0019_Youken-Diazgo_2019_R.jpg
ReunionGreen,Green/Tya/2015/Tya _2015_L.webp,Tya,no_detection,,,,,,,ReunionGreen/overlay/0020_Tya _2015_L.jpg
ReunionGreen,Green/Tya/2015/Tya _2015_R.webp,Tya,no_detection,,,,,,,ReunionGreen/overlay/0021_Tya _2015_R.jpg
ReunionGreen,Green/Tya/2021/Tya _2021_L.webp,Tya,no_detection,,,,,,,ReunionGreen/overlay/0022_Tya _2021_L.jpg
ReunionGreen,Green/Tya/2021/Tya _2021_R.webp,Tya,no_detection,,,,,,,ReunionGreen/overlay/0023_Tya _2021_R.jpg
ReunionGreen,Green/Nadejda/2017/Nadejda_2017_L.webp,Nadejda,no_detection,,,,,,,ReunionGreen/overlay/0024_Nadejda_2017_L.jpg
ReunionGreen,Green/Nadejda/2017/Nadejda_2017_R.webp,Nadejda,no_detection,,,,,,,ReunionGreen/overlay/0025_Nadejda_2017_R.jpg
ReunionGreen,Green/Nadejda/2021/Nadejda_2021_L.webp,Nadejda,no_detection,,,,,,,ReunionGreen/overlay/0026_Nadejda_2021_L.jpg
ReunionGreen,Green/Nadejda/2021/Nadejda_2021_R.webp,Nadejda,no_detection,,,,,,,ReunionGreen/overlay/0027_Nadejda_2021_R.jpg
ReunionGreen,Green/May-Lee/2016/May-Lee_2016_L.webp,May-Lee,no_detection,,,,,,,ReunionGreen/overlay/0028_May-Lee_2016_L.jpg
ReunionGreen,Green/May-Lee/2016/May-Lee_2016_R.webp,May-Lee,no_detection,,,,,,,ReunionGreen/overlay/0029_May-Lee_2016_R.jpg
ReunionGreen,Green/May-Lee/2012/May-Lee_2012_L.webp,May-Lee,no_detection,,,,,,,ReunionGreen/overlay/0030_May-Lee_2012_L.jpg
ReunionGreen,Green/May-Lee/2012/May-Lee_2012_R.webp,May-Lee,no_detection,,,,,,,ReunionGreen/overlay/0031_May-Lee_2012_R.jpg
ReunionGreen,Green/Steph/2014/Steph_2014_L.webp,Steph,no_detection,,,,,,,ReunionGreen/overlay/0032_Steph_2014_L.jpg
ReunionGreen,Green/Steph/2014/Steph_2014_R.webp,Steph,no_detection,,,,,,,ReunionGreen/overlay/0033_Steph_2014_R.jpg
ReunionGreen,Green/Steph/2017/Steph_2017_L.webp,Steph,skipped_small,0.27360379695892334,0.02819861152485343,390.7803649902344,195.08750915527344,505.32550048828125,313.2534484863281,ReunionGreen/overlay/0034_Steph_2017_L.jpg
ReunionGreen,Green/Steph/2017/Steph_2017_R.webp,Steph,no_detection,,,,,,,ReunionGreen/overlay/0035_Steph_2017_R.jpg
ReunionGreen,Green/Samy/2008/Samy_2008_L.webp,Samy,no_detection,,,,,,,ReunionGreen/overlay/0036_Samy_2008_L.jpg
ReunionGreen,Green/Samy/2008/Samy_2008_R.webp,Samy,no_detection,,,,,,,ReunionGreen/overlay/0037_Samy_2008_R.jpg
ReunionGreen,Green/Samy/2014/Samy_2014_L.webp,Samy,no_detection,,,,,,,ReunionGreen/overlay/0038_Samy_2014_L.jpg
ReunionGreen,Green/Samy/2014/Samy_2014_R.webp,Samy,no_detection,,,,,,,ReunionGreen/overlay/0039_Samy_2014_R.jpg
ReunionGreen,Green/Leonard/2018/Leonard_2018_R.webp,Leonard,no_detection,,,,,,,ReunionGreen/overlay/0040_Leonard_2018_R.jpg
ReunionGreen,Green/Leonard/2018/Leonard_2018_L.webp,Leonard,no_detection,,,,,,,ReunionGreen/overlay/0041_Leonard_2018_L.jpg
ReunionGreen,Green/Leonard/2023/Leonard_2023_L.webp,Leonard,no_detection,,,,,,,ReunionGreen/overlay/0042_Leonard_2023_L.jpg
ReunionGreen,Green/Leonard/2023/Leonard_2023_R.webp,Leonard,no_detection,,,,,,,ReunionGreen/overlay/0043_Leonard_2023_R.jpg
ReunionGreen,Green/Eynard-Loisy/2014/Eynard-Loisy_2014_L.webp,Eynard-Loisy,no_detection,,,,,,,ReunionGreen/overlay/0044_Eynard-Loisy_2014_L.jpg
ReunionGreen,Green/Eynard-Loisy/2014/Eynard-Loisy_2014_R.webp,Eynard-Loisy,no_detection,,,,,,,ReunionGreen/overlay/0045_Eynard-Loisy_2014_R.jpg
ReunionGreen,Green/Eynard-Loisy/2023/Eynard-Loisy_2023_L.webp,Eynard-Loisy,no_detection,,,,,,,ReunionGreen/overlay/0046_Eynard-Loisy_2023_L.jpg
ReunionGreen,Green/Eynard-Loisy/2023/Eynard-Loisy_2023_R.webp,Eynard-Loisy,no_detection,,,,,,,ReunionGreen/overlay/0047_Eynard-Loisy_2023_R.jpg
ReunionGreen,Green/Nathanael/2024/Nathanael_2024_L.webp,Nathanael,no_detection,,,,,,,ReunionGreen/overlay/0048_Nathanael_2024_L.jpg
ReunionGreen,Green/Nathanael/2024/Nathanael_2024_R.webp,Nathanael,no_detection,,,,,,,ReunionGreen/overlay/0049_Nathanael_2024_R.jpg
ReunionGreen,Green/Nathanael/2019/Nathanael_2019_L.webp,Nathanael,no_detection,,,,,,,ReunionGreen/overlay/0050_Nathanael_2019_L.jpg
ReunionGreen,Green/Nathanael/2019/Nathanael_2019_R.webp,Nathanael,no_detection,,,,,,,ReunionGreen/overlay/0051_Nathanael_2019_R.jpg
ReunionGreen,Green/Oma/2014/Oma_2014_L.webp,Oma,no_detection,,,,,,,ReunionGreen/overlay/0052_Oma_2014_L.jpg
ReunionGreen,Green/Oma/2014/Oma_2014_R.webp,Oma,cropped,0.36745595932006836,0.13929731749792118,151.0674285888672,338.6405029296875,449.17730712890625,562.9293212890625,ReunionGreen/overlay/0053_Oma_2014_R.jpg
ReunionGreen,Green/Oma/2024/Oma_2024_L.webp,Oma,skipped_small,0.30343252420425415,0.038537265075360885,132.323486328125,298.88787841796875,267.34515380859375,483.6087341308594,ReunionGreen/overlay/0054_Oma_2024_L.jpg
ReunionGreen,Green/Oma/2024/Oma_2024_R.webp,Oma,skipped_small,0.32017698884010315,0.034814709634520116,528.6688842773438,343.69580078125,667.0535278320312,504.1027526855469,ReunionGreen/overlay/0055_Oma_2024_R.jpg
ReunionGreen,Green/Naoki/2019/Naoki_2019_L.webp,Naoki,no_detection,,,,,,,ReunionGreen/overlay/0056_Naoki_2019_L.jpg
ReunionGreen,Green/Naoki/2019/Naoki_2019_R.webp,Naoki,skipped_small,0.3954484164714813,0.011028024486878014,346.2289733886719,0.08009672164916992,523.9537353515625,29.86464500427246,ReunionGreen/overlay/0057_Naoki_2019_R.jpg
ReunionGreen,Green/Naoki/2016/Naoki_2016_L.webp,Naoki,no_detection,,,,,,,ReunionGreen/overlay/0058_Naoki_2016_L.jpg
ReunionGreen,Green/Naoki/2016/Naoki_2016_R.webp,Naoki,no_detection,,,,,,,ReunionGreen/overlay/0059_Naoki_2016_R.jpg
ReunionGreen,Green/Xavier/2015/Xavier_2015_L.webp,Xavier,no_detection,,,,,,,ReunionGreen/overlay/0060_Xavier_2015_L.jpg
ReunionGreen,Green/Xavier/2015/Xavier_2015_R.webp,Xavier,no_detection,,,,,,,ReunionGreen/overlay/0061_Xavier_2015_R.jpg
ReunionGreen,Green/Xavier/2007/Xavier_2007_L.webp,Xavier,no_detection,,,,,,,ReunionGreen/overlay/0062_Xavier_2007_L.jpg
ReunionGreen,Green/Xavier/2007/Xavier_2007_R.webp,Xavier,no_detection,,,,,,,ReunionGreen/overlay/0063_Xavier_2007_R.jpg
ReunionGreen,Green/Chewie/2014/Chewie_2014_L.webp,Chewie,no_detection,,,,,,,ReunionGreen/overlay/0064_Chewie_2014_L.jpg
ReunionGreen,Green/Chewie/2014/Chewie_2014_R.webp,Chewie,no_detection,,,,,,,ReunionGreen/overlay/0065_Chewie_2014_R.jpg
ReunionGreen,Green/Chewie/2019/Chewie_2019_L.webp,Chewie,no_detection,,,,,,,ReunionGreen/overlay/0066_Chewie_2019_L.jpg
ReunionGreen,Green/Chewie/2019/Chewie_2019_R.webp,Chewie,no_detection,,,,,,,ReunionGreen/overlay/0067_Chewie_2019_R.jpg
ReunionGreen,Green/Myriam/2023/Myriam_2023_L.webp,Myriam,no_detection,,,,,,,ReunionGreen/overlay/0068_Myriam_2023_L.jpg
ReunionGreen,Green/Myriam/2023/Myriam_2023_R.webp,Myriam,no_detection,,,,,,,ReunionGreen/overlay/0069_Myriam_2023_R.jpg
ReunionGreen,Green/Myriam/2017/Myriam_2017_L.webp,Myriam,no_detection,,,,,,,ReunionGreen/overlay/0070_Myriam_2017_L.jpg
ReunionGreen,Green/Myriam/2017/Myriam_2017_R.webp,Myriam,no_detection,,,,,,,ReunionGreen/overlay/0071_Myriam_2017_R.jpg
ReunionGreen,Green/Calvin/2014/Calvin_2014_L.webp,Calvin,no_detection,,,,,,,ReunionGreen/overlay/0072_Calvin_2014_L.jpg
ReunionGreen,Green/Calvin/2014/Calvin_2014_R.webp,Calvin,no_detection,,,,,,,ReunionGreen/overlay/0073_Calvin_2014_R.jpg
ReunionGreen,Green/Calvin/2021/Calvin_2021_L.webp,Calvin,no_detection,,,,,,,ReunionGreen/overlay/0074_Calvin_2021_L.jpg
ReunionGreen,Green/Calvin/2021/Calvin_2021_R.webp,Calvin,no_detection,,,,,,,ReunionGreen/overlay/0075_Calvin_2021_R.jpg
ReunionGreen,Green/Idefix/2020/Idefix_2020_L.webp,Idefix,no_detection,,,,,,,ReunionGreen/overlay/0076_Idefix_2020_L.jpg
ReunionGreen,Green/Idefix/2020/Idefix_2020_R.webp,Idefix,no_detection,,,,,,,ReunionGreen/overlay/0077_Idefix_2020_R.jpg
ReunionGreen,Green/Idefix/2024/Idefix_2024_L.webp,Idefix,no_detection,,,,,,,ReunionGreen/overlay/0078_Idefix_2024_L.jpg
ReunionGreen,Green/Idefix/2024/Idefix_2024_R.webp,Idefix,no_detection,,,,,,,ReunionGreen/overlay/0079_Idefix_2024_R.jpg
ReunionGreen,Green/Caroline/2021/Caroline_2021_L.webp,Caroline,no_detection,,,,,,,ReunionGreen/overlay/0080_Caroline_2021_L.jpg
ReunionGreen,Green/Caroline/2021/Caroline_2021_R.webp,Caroline,no_detection,,,,,,,ReunionGreen/overlay/0081_Caroline_2021_R.jpg
ReunionGreen,Green/Caroline/2024/Caroline_2024_L.webp,Caroline,no_detection,,,,,,,ReunionGreen/overlay/0082_Caroline_2024_L.jpg
ReunionGreen,Green/Caroline/2024/Caroline_2024_R.webp,Caroline,no_detection,,,,,,,ReunionGreen/overlay/0083_Caroline_2024_R.jpg
ReunionGreen,Green/Zippy/2019/Zippy_2019_L.webp,Zippy,no_detection,,,,,,,ReunionGreen/overlay/0084_Zippy_2019_L.jpg
ReunionGreen,Green/Zippy/2019/Zippy_2019_R.webp,Zippy,no_detection,,,,,,,ReunionGreen/overlay/0085_Zippy_2019_R.jpg
ReunionGreen,Green/Zippy/2023/Zippy_2023_L.webp,Zippy,no_detection,,,,,,,ReunionGreen/overlay/0086_Zippy_2023_L.jpg
ReunionGreen,Green/Zippy/2023/Zippy_2023_R.webp,Zippy,no_detection,,,,,,,ReunionGreen/overlay/0087_Zippy_2023_R.jpg
ReunionGreen,Green/Kachuva/2022/Kachuva_2022_R.webp,Kachuva,no_detection,,,,,,,ReunionGreen/overlay/0088_Kachuva_2022_R.jpg
ReunionGreen,Green/Kachuva/2022/Kachuva_2022_L.webp,Kachuva,no_detection,,,,,,,ReunionGreen/overlay/0089_Kachuva_2022_L.jpg
ReunionGreen,Green/Kachuva/2024/Kachuva_2024_R.webp,Kachuva,no_detection,,,,,,,ReunionGreen/overlay/0090_Kachuva_2024_R.jpg
ReunionGreen,Green/Kachuva/2024/Kachuva_2024_L.webp,Kachuva,no_detection,,,,,,,ReunionGreen/overlay/0091_Kachuva_2024_L.jpg
ReunionGreen,Green/Ylan/2014/Ylan_2014_L.webp,Ylan,no_detection,,,,,,,ReunionGreen/overlay/0092_Ylan_2014_L.jpg
ReunionGreen,Green/Ylan/2014/Ylan_2014_R.webp,Ylan,no_detection,,,,,,,ReunionGreen/overlay/0093_Ylan_2014_R.jpg
ReunionGreen,Green/Ylan/2021/Ylan_2021_L.webp,Ylan,no_detection,,,,,,,ReunionGreen/overlay/0094_Ylan_2021_L.jpg
ReunionGreen,Green/Ylan/2021/Ylan_2021_R.webp,Ylan,no_detection,,,,,,,ReunionGreen/overlay/0095_Ylan_2021_R.jpg
ReunionGreen,Green/Julien/2017/Julien_2017_R.webp,Julien,no_detection,,,,,,,ReunionGreen/overlay/0096_Julien_2017_R.jpg
ReunionGreen,Green/Julien/2017/Julien_2017_L.webp,Julien,no_detection,,,,,,,ReunionGreen/overlay/0097_Julien_2017_L.jpg
ReunionGreen,Green/Julien/2021/Julien_2021_R.webp,Julien,no_detection,,,,,,,ReunionGreen/overlay/0098_Julien_2021_R.jpg
ReunionGreen,Green/Julien/2021/Julien_2021_L.webp,Julien,no_detection,,,,,,,ReunionGreen/overlay/0099_Julien_2021_L.jpg
ReunionGreen,Green/Leia-Rose/2019/Leia-Rose_2019_L.webp,Leia-Rose,cropped,0.3941771984100342,0.11061380587943213,252.4295196533203,224.2438201904297,418.054931640625,379.7165222167969,ReunionGreen/overlay/0100_Leia-Rose_2019_L.jpg
ReunionGreen,Green/Leia-Rose/2019/Leia-Rose_2019_R.webp,Leia-Rose,no_detection,,,,,,,ReunionGreen/overlay/0101_Leia-Rose_2019_R.jpg
ReunionGreen,Green/Leia-Rose/2021/Leia-Rose_2021_L.webp,Leia-Rose,no_detection,,,,,,,ReunionGreen/overlay/0102_Leia-Rose_2021_L.jpg
ReunionGreen,Green/Leia-Rose/2021/Leia-Rose_2021_R.webp,Leia-Rose,no_detection,,,,,,,ReunionGreen/overlay/0103_Leia-Rose_2021_R.jpg
ReunionGreen,Green/Marlou/2017/Marlou_2017_L.webp,Marlou,no_detection,,,,,,,ReunionGreen/overlay/0104_Marlou_2017_L.jpg
ReunionGreen,Green/Marlou/2017/Marlou_2017_R.webp,Marlou,no_detection,,,,,,,ReunionGreen/overlay/0105_Marlou_2017_R.jpg
ReunionGreen,Green/Marlou/2019/Marlou_2019_L.webp,Marlou,no_detection,,,,,,,ReunionGreen/overlay/0106_Marlou_2019_L.jpg
ReunionGreen,Green/Marlou/2019/Marlou_2019_R.webp,Marlou,no_detection,,,,,,,ReunionGreen/overlay/0107_Marlou_2019_R.jpg
ReunionGreen,Green/Ros/2020/Ros_2020_L.webp,Ros,no_detection,,,,,,,ReunionGreen/overlay/0108_Ros_2020_L.jpg
ReunionGreen,Green/Ros/2020/Ros_2020_R.webp,Ros,no_detection,,,,,,,ReunionGreen/overlay/0109_Ros_2020_R.jpg
ReunionGreen,Green/Ros/2023/Ros_2023_L.webp,Ros,no_detection,,,,,,,ReunionGreen/overlay/0110_Ros_2023_L.jpg
ReunionGreen,Green/Ros/2023/Ros_2023_R.webp,Ros,no_detection,,,,,,,ReunionGreen/overlay/0111_Ros_2023_R.jpg
ReunionGreen,Green/Kiki-Gloria/2009/Kiki-Gloria_2009_R.webp,Kiki-Gloria,no_detection,,,,,,,ReunionGreen/overlay/0112_Kiki-Gloria_2009_R.jpg
ReunionGreen,Green/Kiki-Gloria/2009/Kiki-Gloria_2009_L.webp,Kiki-Gloria,no_detection,,,,,,,ReunionGreen/overlay/0113_Kiki-Gloria_2009_L.jpg
ReunionGreen,Green/Kiki-Gloria/2013/Kiki-Gloria_2013_R.webp,Kiki-Gloria,no_detection,,,,,,,ReunionGreen/overlay/0114_Kiki-Gloria_2013_R.jpg
ReunionGreen,Green/Kiki-Gloria/2013/Kiki-Gloria_2013_L.webp,Kiki-Gloria,no_detection,,,,,,,ReunionGreen/overlay/0115_Kiki-Gloria_2013_L.jpg
ReunionGreen,Green/Leo/2008/Leo_2008_L.webp,Leo,no_detection,,,,,,,ReunionGreen/overlay/0116_Leo_2008_L.jpg
ReunionGreen,Green/Leo/2008/Leo_2008_R.webp,Leo,no_detection,,,,,,,ReunionGreen/overlay/0117_Leo_2008_R.jpg
ReunionGreen,Green/Leo/2013/Leo_2013_L.webp,Leo,no_detection,,,,,,,ReunionGreen/overlay/0118_Leo_2013_L.jpg
ReunionGreen,Green/Leo/2013/Leo_2013_R.webp,Leo,no_detection,,,,,,,ReunionGreen/overlay/0119_Leo_2013_R.jpg
ReunionGreen,Green/Adelotte/2019/Adelotte_2019_L.webp,Adelotte,skipped_small,0.5355846881866455,0.020276559928938512,243.0896759033203,537.9138793945312,399.85174560546875,600.0,ReunionGreen/overlay/0120_Adelotte_2019_L.jpg
ReunionGreen,Green/Adelotte/2019/Adelotte_2019_R.webp,Adelotte,no_detection,,,,,,,ReunionGreen/overlay/0121_Adelotte_2019_R.jpg
ReunionGreen,Green/Adelotte/2021/Adelotte_2021_L.webp,Adelotte,no_detection,,,,,,,ReunionGreen/overlay/0122_Adelotte_2021_L.jpg
ReunionGreen,Green/Adelotte/2021/Adelotte_2021_R.webp,Adelotte,no_detection,,,,,,,ReunionGreen/overlay/0123_Adelotte_2021_R.jpg
ReunionGreen,Green/Ninugo/2016/Ninugo_2016_L.webp,Ninugo,no_detection,,,,,,,ReunionGreen/overlay/0124_Ninugo_2016_L.jpg
ReunionGreen,Green/Ninugo/2016/Ninugo_2016_R.webp,Ninugo,no_detection,,,,,,,ReunionGreen/overlay/0125_Ninugo_2016_R.jpg
ReunionGreen,Green/Ninugo/2022/Ninugo_2022_L.webp,Ninugo,no_detection,,,,,,,ReunionGreen/overlay/0126_Ninugo_2022_L.jpg
ReunionGreen,Green/Ninugo/2022/Ninugo_2022_R.webp,Ninugo,no_detection,,,,,,,ReunionGreen/overlay/0127_Ninugo_2022_R.jpg
ReunionGreen,Green/Noraf/2013/Noraf_2013_L.webp,Noraf,no_detection,,,,,,,ReunionGreen/overlay/0128_Noraf_2013_L.jpg
ReunionGreen,Green/Noraf/2013/Noraf_2013_R.webp,Noraf,no_detection,,,,,,,ReunionGreen/overlay/0129_Noraf_2013_R.jpg
ReunionGreen,Green/Noraf/2018/Noraf_2018_L.webp,Noraf,no_detection,,,,,,,ReunionGreen/overlay/0130_Noraf_2018_L.jpg
ReunionGreen,Green/Noraf/2018/Noraf_2018_R.webp,Noraf,no_detection,,,,,,,ReunionGreen/overlay/0131_Noraf_2018_R.jpg
ReunionGreen,Green/Baguette/2017/Baguette_2017_L.webp,Baguette,no_detection,,,,,,,ReunionGreen/overlay/0132_Baguette_2017_L.jpg
ReunionGreen,Green/Baguette/2017/Baguette_2017_R.webp,Baguette,no_detection,,,,,,,ReunionGreen/overlay/0133_Baguette_2017_R.jpg
ReunionGreen,Green/Baguette/2019/Baguette_2019_L.webp,Baguette,no_detection,,,,,,,ReunionGreen/overlay/0134_Baguette_2019_L.jpg
ReunionGreen,Green/Baguette/2019/Baguette_2019_R.webp,Baguette,no_detection,,,,,,,ReunionGreen/overlay/0135_Baguette_2019_R.jpg
ReunionGreen,Green/Modestie/2016/Modestie_2016_L.webp,Modestie,no_detection,,,,,,,ReunionGreen/overlay/0136_Modestie_2016_L.jpg
ReunionGreen,Green/Modestie/2016/Modestie_2016_R.webp,Modestie,no_detection,,,,,,,ReunionGreen/overlay/0137_Modestie_2016_R.jpg
ReunionGreen,Green/Modestie/2024/Modestie_2024_L.webp,Modestie,no_detection,,,,,,,ReunionGreen/overlay/0138_Modestie_2024_L.jpg
ReunionGreen,Green/Modestie/2024/Modestie_2024_R.webp,Modestie,no_detection,,,,,,,ReunionGreen/overlay/0139_Modestie_2024_R.jpg
ReunionGreen,Green/Newt/2014/Newt_2014_L.webp,Newt,no_detection,,,,,,,ReunionGreen/overlay/0140_Newt_2014_L.jpg
ReunionGreen,Green/Newt/2014/Newt_2014_R.webp,Newt,no_detection,,,,,,,ReunionGreen/overlay/0141_Newt_2014_R.jpg
ReunionGreen,Green/Newt/2018/Newt_2018_L.webp,Newt,skipped_small,0.3941737115383148,0.01654515542219936,352.4402160644531,173.80035400390625,422.96588134765625,286.4072265625,ReunionGreen/overlay/0142_Newt_2018_L.jpg
ReunionGreen,Green/Newt/2018/Newt_2018_R.webp,Newt,no_detection,,,,,,,ReunionGreen/overlay/0143_Newt_2018_R.jpg
ReunionGreen,Green/Karine/2009/Karine_2009_L.webp,Karine,no_detection,,,,,,,ReunionGreen/overlay/0144_Karine_2009_L.jpg
ReunionGreen,Green/Karine/2009/Karine_2009_R.webp,Karine,no_detection,,,,,,,ReunionGreen/overlay/0145_Karine_2009_R.jpg
ReunionGreen,Green/Karine/2011/Karine_2011_L.webp,Karine,no_detection,,,,,,,ReunionGreen/overlay/0146_Karine_2011_L.jpg
ReunionGreen,Green/Karine/2011/Karine_2011_R.webp,Karine,no_detection,,,,,,,ReunionGreen/overlay/0147_Karine_2011_R.jpg
ReunionGreen,Green/Taho/2019/Taho_2019_L.webp,Taho,no_detection,,,,,,,ReunionGreen/overlay/0148_Taho_2019_L.jpg
ReunionGreen,Green/Taho/2019/Taho_2019_R.webp,Taho,no_detection,,,,,,,ReunionGreen/overlay/0149_Taho_2019_R.jpg
ReunionGreen,Green/Taho/2023/Taho_2023_L.webp,Taho,no_detection,,,,,,,ReunionGreen/overlay/0150_Taho_2023_L.jpg
ReunionGreen,Green/Taho/2023/Taho_2023_R.webp,Taho,no_detection,,,,,,,ReunionGreen/overlay/0151_Taho_2023_R.jpg
ReunionGreen,Green/Taleen/2020/Taleen_2020_L.webp,Taleen,no_detection,,,,,,,ReunionGreen/overlay/0152_Taleen_2020_L.jpg
ReunionGreen,Green/Taleen/2020/Taleen_2020_R.webp,Taleen,no_detection,,,,,,,ReunionGreen/overlay/0153_Taleen_2020_R.jpg
ReunionGreen,Green/Taleen/2023/Taleen_2023_L.webp,Taleen,no_detection,,,,,,,ReunionGreen/overlay/0154_Taleen_2023_L.jpg
ReunionGreen,Green/Taleen/2023/Taleen_2023_R.webp,Taleen,no_detection,,,,,,,ReunionGreen/overlay/0155_Taleen_2023_R.jpg
ReunionGreen,Green/Enzo/2017/Enzo_2017_L.webp,Enzo,skipped_small,0.26090171933174133,0.011444652293989567,0.5385589599609375,0.0,181.0641632080078,30.43021583557129,ReunionGreen/overlay/0156_Enzo_2017_L.jpg
ReunionGreen,Green/Enzo/2017/Enzo_2017_R.webp,Enzo,no_detection,,,,,,,ReunionGreen/overlay/0157_Enzo_2017_R.jpg
ReunionGreen,Green/Enzo/2019/Enzo_2019_L.webp,Enzo,no_detection,,,,,,,ReunionGreen/overlay/0158_Enzo_2019_L.jpg
ReunionGreen,Green/Enzo/2019/Enzo_2019_R.webp,Enzo,no_detection,,,,,,,ReunionGreen/overlay/0159_Enzo_2019_R.jpg
ReunionGreen,Green/Sablier/2008/Sablier_2008_L.webp,Sablier,no_detection,,,,,,,ReunionGreen/overlay/0160_Sablier_2008_L.jpg
ReunionGreen,Green/Sablier/2008/Sablier_2008_R.webp,Sablier,no_detection,,,,,,,ReunionGreen/overlay/0161_Sablier_2008_R.jpg
ReunionGreen,Green/Sablier/2013/Sablier_2013_L.webp,Sablier,no_detection,,,,,,,ReunionGreen/overlay/0162_Sablier_2013_L.jpg
ReunionGreen,Green/Sablier/2013/Sablier_2013_R.webp,Sablier,no_detection,,,,,,,ReunionGreen/overlay/0163_Sablier_2013_R.jpg
ReunionGreen,Green/Cleo/2011/Cleo_2011_L.webp,Cleo,no_detection,,,,,,,ReunionGreen/overlay/0164_Cleo_2011_L.jpg
ReunionGreen,Green/Cleo/2011/Cleo_2011_R.webp,Cleo,no_detection,,,,,,,ReunionGreen/overlay/0165_Cleo_2011_R.jpg
ReunionGreen,Green/Cleo/2017/Cleo_2017_L.webp,Cleo,no_detection,,,,,,,ReunionGreen/overlay/0166_Cleo_2017_L.jpg
ReunionGreen,Green/Cleo/2017/Cleo_2017_R.webp,Cleo,no_detection,,,,,,,ReunionGreen/overlay/0167_Cleo_2017_R.jpg
ReunionGreen,Green/Ipanema/2019/Ipanema_2019_L.webp,Ipanema,no_detection,,,,,,,ReunionGreen/overlay/0168_Ipanema_2019_L.jpg
ReunionGreen,Green/Ipanema/2019/Ipanema_2019_R.webp,Ipanema,no_detection,,,,,,,ReunionGreen/overlay/0169_Ipanema_2019_R.jpg
ReunionGreen,Green/Ipanema/2023/Ipanema_2023_L.webp,Ipanema,skipped_small,0.35783228278160095,0.024684181345860024,116.37676239013672,91.10027313232422,163.20457458496094,138.53955078125,ReunionGreen/overlay/0170_Ipanema_2023_L.jpg
ReunionGreen,Green/Ipanema/2023/Ipanema_2023_R.webp,Ipanema,no_detection,,,,,,,ReunionGreen/overlay/0171_Ipanema_2023_R.jpg
ReunionGreen,Green/Liloti/2021/Liloti_2021_R.webp,Liloti,no_detection,,,,,,,ReunionGreen/overlay/0172_Liloti_2021_R.jpg
ReunionGreen,Green/Liloti/2021/Liloti_2021_L.webp,Liloti,no_detection,,,,,,,ReunionGreen/overlay/0173_Liloti_2021_L.jpg
ReunionGreen,Green/Liloti/2024/Liloti_2024_R.webp,Liloti,no_detection,,,,,,,ReunionGreen/overlay/0174_Liloti_2024_R.jpg
ReunionGreen,Green/Liloti/2024/Liloti_2024_L.webp,Liloti,skipped_small,0.331923246383667,0.00790335506286161,45.519657135009766,0.013437271118164062,234.572509765625,26.73519515991211,ReunionGreen/overlay/0175_Liloti_2024_L.jpg
ReunionGreen,Green/MiniEdith/2021/MiniEdith_2021_R.webp,MiniEdith,no_detection,,,,,,,ReunionGreen/overlay/0176_MiniEdith_2021_R.jpg
ReunionGreen,Green/MiniEdith/2021/MiniEdith_2021_L.webp,MiniEdith,no_detection,,,,,,,ReunionGreen/overlay/0177_MiniEdith_2021_L.jpg
ReunionGreen,Green/MiniEdith/2023/MiniEdith_2023_R.webp,MiniEdith,no_detection,,,,,,,ReunionGreen/overlay/0178_MiniEdith_2023_R.jpg
ReunionGreen,Green/MiniEdith/2023/MiniEdith_2023_L.webp,MiniEdith,no_detection,,,,,,,ReunionGreen/overlay/0179_MiniEdith_2023_L.jpg
ReunionGreen,Green/Yanis/2015/Yanis_2015_L.webp,Yanis,no_detection,,,,,,,ReunionGreen/overlay/0180_Yanis_2015_L.jpg
ReunionGreen,Green/Yanis/2015/Yanis_2015_R.webp,Yanis,no_detection,,,,,,,ReunionGreen/overlay/0181_Yanis_2015_R.jpg
ReunionGreen,Green/Yanis/2018/Yanis_2018_L.webp,Yanis,no_detection,,,,,,,ReunionGreen/overlay/0182_Yanis_2018_L.jpg
ReunionGreen,Green/Yanis/2018/Yanis_2018_R.webp,Yanis,no_detection,,,,,,,ReunionGreen/overlay/0183_Yanis_2018_R.jpg
ReunionGreen,Green/Daphne/2021/Daphne_2021_L.webp,Daphne,no_detection,,,,,,,ReunionGreen/overlay/0184_Daphne_2021_L.jpg
ReunionGreen,Green/Daphne/2021/Daphne_2021_R.webp,Daphne,no_detection,,,,,,,ReunionGreen/overlay/0185_Daphne_2021_R.jpg
ReunionGreen,Green/Daphne/2017/Daphne_2017_L.webp,Daphne,no_detection,,,,,,,ReunionGreen/overlay/0186_Daphne_2017_L.jpg
ReunionGreen,Green/Daphne/2017/Daphne_2017_R.webp,Daphne,no_detection,,,,,,,ReunionGreen/overlay/0187_Daphne_2017_R.jpg
ReunionGreen,Green/Valerian/2019/Valerian_2019_R.webp,Valerian,no_detection,,,,,,,ReunionGreen/overlay/0188_Valerian_2019_R.jpg
ReunionGreen,Green/Valerian/2019/Valerian_2019_L.webp,Valerian,no_detection,,,,,,,ReunionGreen/overlay/0189_Valerian_2019_L.jpg
ReunionGreen,Green/Valerian/2022/Valerian_2022_R.webp,Valerian,no_detection,,,,,,,ReunionGreen/overlay/0190_Valerian_2022_R.jpg
ReunionGreen,Green/Valerian/2022/Valerian_2022_L.webp,Valerian,no_detection,,,,,,,ReunionGreen/overlay/0191_Valerian_2022_L.jpg
ReunionGreen,Green/Benjamin/2009/Benjamin_2009_L.webp,Benjamin,no_detection,,,,,,,ReunionGreen/overlay/0192_Benjamin_2009_L.jpg
ReunionGreen,Green/Benjamin/2009/Benjamin_2009_R.webp,Benjamin,no_detection,,,,,,,ReunionGreen/overlay/0193_Benjamin_2009_R.jpg
ReunionGreen,Green/Benjamin/2012/Benjamin_2012_L.webp,Benjamin,no_detection,,,,,,,ReunionGreen/overlay/0194_Benjamin_2012_L.jpg
ReunionGreen,Green/Benjamin/2012/Benjamin_2012_R.webp,Benjamin,no_detection,,,,,,,ReunionGreen/overlay/0195_Benjamin_2012_R.jpg
ReunionGreen,Green/Jennifer/2021/Jennifer_2021_L.webp,Jennifer,no_detection,,,,,,,ReunionGreen/overlay/0196_Jennifer_2021_L.jpg
ReunionGreen,Green/Jennifer/2021/Jennifer_2021_R.webp,Jennifer,no_detection,,,,,,,ReunionGreen/overlay/0197_Jennifer_2021_R.jpg
ReunionGreen,Green/Jennifer/2023/Jennifer_2023_L.webp,Jennifer,no_detection,,,,,,,ReunionGreen/overlay/0198_Jennifer_2023_L.jpg
ReunionGreen,Green/Jennifer/2023/Jennifer_2023_R.webp,Jennifer,no_detection,,,,,,,ReunionGreen/overlay/0199_Jennifer_2023_R.jpg
